-- phpMyAdmin SQL Dump
-- version 3.2.0.1
-- http://www.phpmyadmin.net
--
-- Host: localhost
-- Generation Time: Jul 14, 2014 at 08:46 AM
-- Server version: 5.1.36
-- PHP Version: 5.3.0

SET SQL_MODE="NO_AUTO_VALUE_ON_ZERO";


/*!40101 SET @OLD_CHARACTER_SET_CLIENT=@@CHARACTER_SET_CLIENT */;
/*!40101 SET @OLD_CHARACTER_SET_RESULTS=@@CHARACTER_SET_RESULTS */;
/*!40101 SET @OLD_COLLATION_CONNECTION=@@COLLATION_CONNECTION */;
/*!40101 SET NAMES utf8 */;

--
-- Database: `onlineshop`
--

-- --------------------------------------------------------

--
-- Table structure for table `advertisement`
--

CREATE TABLE IF NOT EXISTS `advertisement` (
  `id` int(11) NOT NULL AUTO_INCREMENT,
  `image` varchar(255) NOT NULL,
  PRIMARY KEY (`id`)
) ENGINE=InnoDB  DEFAULT CHARSET=latin1 AUTO_INCREMENT=2 ;

--
-- Dumping data for table `advertisement`
--

INSERT INTO `advertisement` (`id`, `image`) VALUES
(1, '3411403415444.png');

-- --------------------------------------------------------

--
-- Table structure for table `banner`
--

CREATE TABLE IF NOT EXISTS `banner` (
  `id` int(11) NOT NULL AUTO_INCREMENT,
  `image1` varchar(255) NOT NULL,
  `image2` varchar(255) NOT NULL,
  `text` text NOT NULL,
  `status` enum('1','0') NOT NULL,
  PRIMARY KEY (`id`)
) ENGINE=InnoDB  DEFAULT CHARSET=latin1 AUTO_INCREMENT=31 ;

--
-- Dumping data for table `banner`
--

INSERT INTO `banner` (`id`, `image1`, `image2`, `text`, `status`) VALUES
(17, 'banner-left.png', 'banner-right2.png', '', '1'),
(18, '5.jpg', '2.jpg', '', '1'),
(19, 'b-boot.jpg', 'boot1.jpg', '', '1'),
(20, 'b-cap1.jpg', 'b-cap3.jpg', '', '1'),
(21, 'b-watch1.png', 'b-watch4.jpg', '', '1'),
(22, 'b-belt1.jpg', 'b-belt2.jpg', '', '1'),
(23, 'banner-left1.png', 'banner-right.png', '', '1'),
(24, '7.jpg', '3.jpg', '', '1'),
(25, '8.jpg', '2.jpg', '', '1'),
(26, 'b-boot17.jpg', 'boot5.jpg', '', '1'),
(27, 'b-boot18.jpg', 'boot1.jpg', '', '1'),
(28, 'b-cap2.jpg', 'b-cap3.jpg', '', '1'),
(29, 'b-watch2.jpg', 'b-watch6.jpg', '', '1'),
(30, 'b-belt3.jpg', 'b-belt2.jpg', '', '1');

-- --------------------------------------------------------

--
-- Table structure for table `cancel`
--

CREATE TABLE IF NOT EXISTS `cancel` (
  `id` int(11) NOT NULL AUTO_INCREMENT,
  `message` text NOT NULL,
  `date` date NOT NULL,
  `time` time NOT NULL,
  PRIMARY KEY (`id`)
) ENGINE=InnoDB  DEFAULT CHARSET=latin1 AUTO_INCREMENT=2 ;

--
-- Dumping data for table `cancel`
--

INSERT INTO `cancel` (`id`, `message`, `date`, `time`) VALUES
(1, '<p>\r\n	payment not done... try again</p>\r\n', '0000-00-00', '00:00:00');

-- --------------------------------------------------------

--
-- Table structure for table `category`
--

CREATE TABLE IF NOT EXISTS `category` (
  `cat_id` int(11) NOT NULL AUTO_INCREMENT,
  `cat_name` varchar(255) NOT NULL,
  `time` timestamp NOT NULL DEFAULT CURRENT_TIMESTAMP ON UPDATE CURRENT_TIMESTAMP,
  `status` enum('1','0') NOT NULL,
  PRIMARY KEY (`cat_id`)
) ENGINE=InnoDB  DEFAULT CHARSET=latin1 AUTO_INCREMENT=32 ;

--
-- Dumping data for table `category`
--

INSERT INTO `category` (`cat_id`, `cat_name`, `time`, `status`) VALUES
(26, 'Gents and Ladies Bag', '2014-06-24 23:33:12', '1'),
(27, 'Gents and Ladies Sunglass', '2014-06-24 23:33:44', '1'),
(28, 'Gents and Ladies Boot', '2014-06-24 23:34:42', '1'),
(29, 'Gents and Ladies Cap', '2014-06-24 23:35:36', '1'),
(30, 'Gents and Ladies Watch', '2014-06-24 23:35:57', '1'),
(31, 'Gents and Ladies Belt', '2014-06-24 23:36:11', '1');

-- --------------------------------------------------------

--
-- Table structure for table `color`
--

CREATE TABLE IF NOT EXISTS `color` (
  `id` int(11) NOT NULL AUTO_INCREMENT,
  `clour_name` varchar(255) NOT NULL,
  `color_image` varchar(255) NOT NULL,
  `status` enum('1','0') NOT NULL,
  PRIMARY KEY (`id`)
) ENGINE=InnoDB  DEFAULT CHARSET=latin1 AUTO_INCREMENT=48 ;

--
-- Dumping data for table `color`
--

INSERT INTO `color` (`id`, `clour_name`, `color_image`, `status`) VALUES
(10, 'White', '1378118016white.jpg', '1'),
(11, 'Red', '1378117998red.jpg', '1'),
(13, 'black', '1378117972black.jpg', '1'),
(14, 'Purple', '1379075178purple.jpg', '1'),
(15, 'Brown', '1379075239brown.jpg', '1'),
(16, 'Blue', '1379075285blue.jpg', '1'),
(17, 'Green', '1379075334green.jpg', '1'),
(18, 'Beige', '1379075362beige.jpg', '1'),
(19, 'Pink', '1379075396pink.jpg', '1'),
(20, 'Grey', '1379075441gray.jpg', '1'),
(21, 'Yellow', '1379075486yellow.jpg', '1'),
(22, 'Tan', '1379075612tan.jpg', '1'),
(23, 'Maroon', '1379075642maroon.jpg', '1'),
(24, 'Orange', '1379075748orange.jpg', '1'),
(25, 'Multi', '1379075912multicolor.jpg', '1'),
(26, 'Camel', '1379075974camel.jpg', '1'),
(27, 'Coffee', '1379075997coffee.jpg', '1'),
(28, 'Olive', '1379076015olive.jpg', '1'),
(29, 'Silver', '1379076036silver.jpg', '1'),
(30, 'Peach', '1379076061peach.jpg', '1'),
(31, 'Cream', '1379076079cream.jpg', '1'),
(32, 'Navy Blue', '1379076114navy_blue.jpg', '1'),
(33, 'Fuschia', '1379076137fuschia.jpg', '1'),
(34, 'Cherry', '1379076177chery.jpg', '1'),
(35, 'Off white', '1379076306off_white.jpg', '1'),
(36, 'Golden', '1379076350golden.jpg', '1'),
(37, 'Aqua', '1379076378aqua.jpg', '1'),
(38, 'Bronze', '1379076411bronze.jpg', '1'),
(39, 'Copper', '1379076434copper.jpg', '1'),
(40, 'Rust', '1379076458rust.jpg', '1'),
(41, 'Sand', '1379076487sand.jpg', '1'),
(42, 'Ivory', '1379076576ivory.jpg', '1'),
(43, 'Gold', '1379076595gold.jpg', '1'),
(44, 'Musterd Yellow', '1379076632musterd_yellow.jpg', '1'),
(45, 'Dark Grey', '1379076675dark_grey.jpg', '1'),
(46, 'Apricot', '1379076772apricot.jpg', '1'),
(47, 'Light Grey', '1379076807light_grey.jpg', '1');

-- --------------------------------------------------------

--
-- Table structure for table `content`
--

CREATE TABLE IF NOT EXISTS `content` (
  `id` int(11) NOT NULL AUTO_INCREMENT,
  `title` varchar(255) COLLATE latin1_general_ci NOT NULL,
  `description` longtext COLLATE latin1_general_ci NOT NULL,
  PRIMARY KEY (`id`)
) ENGINE=MyISAM  DEFAULT CHARSET=latin1 COLLATE=latin1_general_ci AUTO_INCREMENT=8 ;

--
-- Dumping data for table `content`
--

INSERT INTO `content` (`id`, `title`, `description`) VALUES
(3, 'Home', '<p>\r\n	Welcome to our website for online shoping .Here we can help u to give proper product which u order or want to bye.</p>\r\n<p>\r\n	&nbsp;</p>\r\n'),
(4, 'Contact Us', '<p style="text-align: center;"><em><span style="text-decoration: underline;"><span style="color: #800080;"><span style="font-size: x-large;"><strong>Online shopping System</strong></span></span></span></em></p>\r\n<p style="text-align: center;"><em><span style="text-decoration: underline;"><span style="color: #800080;"><span style="font-size: x-large;"><strong><br /></strong></span></span></span></em></p>\r\n<p style="text-align: center;"><span style="font-size: medium;"><strong>Haldia,Purba Medinipur</strong></span></p>\r\n<p style="text-align: center;"><span style="font-size: medium;"><strong>8348620706</strong></span></p>\r\n<p style="text-align: center;"><span style="font-size: large;"><strong><span style="font-size: small;"><a href="mailto:ultimatesusobhan@gmail.com">ultimatesusobhan@gmail.com</a></span><br /></strong></span></p>'),
(5, 'About Us', '<p><!--[if gte mso 9]><xml> <w:WordDocument> <w:View>Normal</w:View> <w:Zoom>0</w:Zoom> <w:TrackMoves /> <w:TrackFormatting /> <w:PunctuationKerning /> <w:ValidateAgainstSchemas /> <w:SaveIfXMLInvalid>false</w:SaveIfXMLInvalid> <w:IgnoreMixedContent>false</w:IgnoreMixedContent> <w:AlwaysShowPlaceholderText>false</w:AlwaysShowPlaceholderText> <w:DoNotPromoteQF /> <w:LidThemeOther>EN-IN</w:LidThemeOther> <w:LidThemeAsian>X-NONE</w:LidThemeAsian> <w:LidThemeComplexScript>X-NONE</w:LidThemeComplexScript> <w:Compatibility> <w:BreakWrappedTables /> <w:SnapToGridInCell /> <w:WrapTextWithPunct /> <w:UseAsianBreakRules /> <w:DontGrowAutofit /> <w:SplitPgBreakAndParaMark /> <w:DontVertAlignCellWithSp /> <w:DontBreakConstrainedForcedTables /> <w:DontVertAlignInTxbx /> <w:Word11KerningPairs /> <w:CachedColBalance /> </w:Compatibility> <w:BrowserLevel>MicrosoftInternetExplorer4</w:BrowserLevel> <m:mathPr> <m:mathFont m:val="Cambria Math" /> <m:brkBin m:val="before" /> <m:brkBinSub m:val=" " /> <m:smallFrac m:val="off" /> <m:dispDef /> <m:lMargin m:val="0" /> <m:rMargin m:val="0" /> <m:defJc m:val="centerGroup" /> <m:wrapIndent m:val="1440" /> <m:intLim m:val="subSup" /> <m:naryLim m:val="undOvr" /> </m:mathPr></w:WordDocument> </xml><![endif]--></p>\r\n<p><!--[if gte mso 9]><xml> <w:LatentStyles DefLockedState="false" DefUnhideWhenUsed="true"   DefSemiHidden="true" DefQFormat="false" DefPriority="99"   LatentStyleCount="267"> <w:LsdException Locked="false" Priority="0" SemiHidden="false"    UnhideWhenUsed="false" QFormat="true" Name="Normal" /> <w:LsdException Locked="false" Priority="9" SemiHidden="false"    UnhideWhenUsed="false" QFormat="true" Name="heading 1" /> <w:LsdException Locked="false" Priority="9" QFormat="true" Name="heading 2" /> <w:LsdException Locked="false" Priority="9" QFormat="true" Name="heading 3" /> <w:LsdException Locked="false" Priority="9" QFormat="true" Name="heading 4" /> <w:LsdException Locked="false" Priority="9" QFormat="true" Name="heading 5" /> <w:LsdException Locked="false" Priority="9" QFormat="true" Name="heading 6" /> <w:LsdException Locked="false" Priority="9" QFormat="true" Name="heading 7" /> <w:LsdException Locked="false" Priority="9" QFormat="true" Name="heading 8" /> <w:LsdException Locked="false" Priority="9" QFormat="true" Name="heading 9" /> <w:LsdException Locked="false" Priority="39" Name="toc 1" /> <w:LsdException Locked="false" Priority="39" Name="toc 2" /> <w:LsdException Locked="false" Priority="39" Name="toc 3" /> <w:LsdException Locked="false" Priority="39" Name="toc 4" /> <w:LsdException Locked="false" Priority="39" Name="toc 5" /> <w:LsdException Locked="false" Priority="39" Name="toc 6" /> <w:LsdException Locked="false" Priority="39" Name="toc 7" /> <w:LsdException Locked="false" Priority="39" Name="toc 8" /> <w:LsdException Locked="false" Priority="39" Name="toc 9" /> <w:LsdException Locked="false" Priority="35" QFormat="true" Name="caption" /> <w:LsdException Locked="false" Priority="10" SemiHidden="false"    UnhideWhenUsed="false" QFormat="true" Name="Title" /> <w:LsdException Locked="false" Priority="1" Name="Default Paragraph Font" /> <w:LsdException Locked="false" Priority="11" SemiHidden="false"    UnhideWhenUsed="false" QFormat="true" Name="Subtitle" /> <w:LsdException Locked="false" Priority="22" SemiHidden="false"    UnhideWhenUsed="false" QFormat="true" Name="Strong" /> <w:LsdException Locked="false" Priority="20" SemiHidden="false"    UnhideWhenUsed="false" QFormat="true" Name="Emphasis" /> <w:LsdException Locked="false" Priority="59" SemiHidden="false"    UnhideWhenUsed="false" Name="Table Grid" /> <w:LsdException Locked="false" UnhideWhenUsed="false" Name="Placeholder Text" /> <w:LsdException Locked="false" Priority="1" SemiHidden="false"    UnhideWhenUsed="false" QFormat="true" Name="No Spacing" /> <w:LsdException Locked="false" Priority="60" SemiHidden="false"    UnhideWhenUsed="false" Name="Light Shading" /> <w:LsdException Locked="false" Priority="61" SemiHidden="false"    UnhideWhenUsed="false" Name="Light List" /> <w:LsdException Locked="false" Priority="62" SemiHidden="false"    UnhideWhenUsed="false" Name="Light Grid" /> <w:LsdException Locked="false" Priority="63" SemiHidden="false"    UnhideWhenUsed="false" Name="Medium Shading 1" /> <w:LsdException Locked="false" Priority="64" SemiHidden="false"    UnhideWhenUsed="false" Name="Medium Shading 2" /> <w:LsdException Locked="false" Priority="65" SemiHidden="false"    UnhideWhenUsed="false" Name="Medium List 1" /> <w:LsdException Locked="false" Priority="66" SemiHidden="false"    UnhideWhenUsed="false" Name="Medium List 2" /> <w:LsdException Locked="false" Priority="67" SemiHidden="false"    UnhideWhenUsed="false" Name="Medium Grid 1" /> <w:LsdException Locked="false" Priority="68" SemiHidden="false"    UnhideWhenUsed="false" Name="Medium Grid 2" /> <w:LsdException Locked="false" Priority="69" SemiHidden="false"    UnhideWhenUsed="false" Name="Medium Grid 3" /> <w:LsdException Locked="false" Priority="70" SemiHidden="false"    UnhideWhenUsed="false" Name="Dark List" /> <w:LsdException Locked="false" Priority="71" SemiHidden="false"    UnhideWhenUsed="false" Name="Colorful Shading" /> <w:LsdException Locked="false" Priority="72" SemiHidden="false"    UnhideWhenUsed="false" Name="Colorful List" /> <w:LsdException Locked="false" Priority="73" SemiHidden="false"    UnhideWhenUsed="false" Name="Colorful Grid" /> <w:LsdException Locked="false" Priority="60" SemiHidden="false"    UnhideWhenUsed="false" Name="Light Shading Accent 1" /> <w:LsdException Locked="false" Priority="61" SemiHidden="false"    UnhideWhenUsed="false" Name="Light List Accent 1" /> <w:LsdException Locked="false" Priority="62" SemiHidden="false"    UnhideWhenUsed="false" Name="Light Grid Accent 1" /> <w:LsdException Locked="false" Priority="63" SemiHidden="false"    UnhideWhenUsed="false" Name="Medium Shading 1 Accent 1" /> <w:LsdException Locked="false" Priority="64" SemiHidden="false"    UnhideWhenUsed="false" Name="Medium Shading 2 Accent 1" /> <w:LsdException Locked="false" Priority="65" SemiHidden="false"    UnhideWhenUsed="false" Name="Medium List 1 Accent 1" /> <w:LsdException Locked="false" UnhideWhenUsed="false" Name="Revision" /> <w:LsdException Locked="false" Priority="34" SemiHidden="false"    UnhideWhenUsed="false" QFormat="true" Name="List Paragraph" /> <w:LsdException Locked="false" Priority="29" SemiHidden="false"    UnhideWhenUsed="false" QFormat="true" Name="Quote" /> <w:LsdException Locked="false" Priority="30" SemiHidden="false"    UnhideWhenUsed="false" QFormat="true" Name="Intense Quote" /> <w:LsdException Locked="false" Priority="66" SemiHidden="false"    UnhideWhenUsed="false" Name="Medium List 2 Accent 1" /> <w:LsdException Locked="false" Priority="67" SemiHidden="false"    UnhideWhenUsed="false" Name="Medium Grid 1 Accent 1" /> <w:LsdException Locked="false" Priority="68" SemiHidden="false"    UnhideWhenUsed="false" Name="Medium Grid 2 Accent 1" /> <w:LsdException Locked="false" Priority="69" SemiHidden="false"    UnhideWhenUsed="false" Name="Medium Grid 3 Accent 1" /> <w:LsdException Locked="false" Priority="70" SemiHidden="false"    UnhideWhenUsed="false" Name="Dark List Accent 1" /> <w:LsdException Locked="false" Priority="71" SemiHidden="false"    UnhideWhenUsed="false" Name="Colorful Shading Accent 1" /> <w:LsdException Locked="false" Priority="72" SemiHidden="false"    UnhideWhenUsed="false" Name="Colorful List Accent 1" /> <w:LsdException Locked="false" Priority="73" SemiHidden="false"    UnhideWhenUsed="false" Name="Colorful Grid Accent 1" /> <w:LsdException Locked="false" Priority="60" SemiHidden="false"    UnhideWhenUsed="false" Name="Light Shading Accent 2" /> <w:LsdException Locked="false" Priority="61" SemiHidden="false"    UnhideWhenUsed="false" Name="Light List Accent 2" /> <w:LsdException Locked="false" Priority="62" SemiHidden="false"    UnhideWhenUsed="false" Name="Light Grid Accent 2" /> <w:LsdException Locked="false" Priority="63" SemiHidden="false"    UnhideWhenUsed="false" Name="Medium Shading 1 Accent 2" /> <w:LsdException Locked="false" Priority="64" SemiHidden="false"    UnhideWhenUsed="false" Name="Medium Shading 2 Accent 2" /> <w:LsdException Locked="false" Priority="65" SemiHidden="false"    UnhideWhenUsed="false" Name="Medium List 1 Accent 2" /> <w:LsdException Locked="false" Priority="66" SemiHidden="false"    UnhideWhenUsed="false" Name="Medium List 2 Accent 2" /> <w:LsdException Locked="false" Priority="67" SemiHidden="false"    UnhideWhenUsed="false" Name="Medium Grid 1 Accent 2" /> <w:LsdException Locked="false" Priority="68" SemiHidden="false"    UnhideWhenUsed="false" Name="Medium Grid 2 Accent 2" /> <w:LsdException Locked="false" Priority="69" SemiHidden="false"    UnhideWhenUsed="false" Name="Medium Grid 3 Accent 2" /> <w:LsdException Locked="false" Priority="70" SemiHidden="false"    UnhideWhenUsed="false" Name="Dark List Accent 2" /> <w:LsdException Locked="false" Priority="71" SemiHidden="false"    UnhideWhenUsed="false" Name="Colorful Shading Accent 2" /> <w:LsdException Locked="false" Priority="72" SemiHidden="false"    UnhideWhenUsed="false" Name="Colorful List Accent 2" /> <w:LsdException Locked="false" Priority="73" SemiHidden="false"    UnhideWhenUsed="false" Name="Colorful Grid Accent 2" /> <w:LsdException Locked="false" Priority="60" SemiHidden="false"    UnhideWhenUsed="false" Name="Light Shading Accent 3" /> <w:LsdException Locked="false" Priority="61" SemiHidden="false"    UnhideWhenUsed="false" Name="Light List Accent 3" /> <w:LsdException Locked="false" Priority="62" SemiHidden="false"    UnhideWhenUsed="false" Name="Light Grid Accent 3" /> <w:LsdException Locked="false" Priority="63" SemiHidden="false"    UnhideWhenUsed="false" Name="Medium Shading 1 Accent 3" /> <w:LsdException Locked="false" Priority="64" SemiHidden="false"    UnhideWhenUsed="false" Name="Medium Shading 2 Accent 3" /> <w:LsdException Locked="false" Priority="65" SemiHidden="false"    UnhideWhenUsed="false" Name="Medium List 1 Accent 3" /> <w:LsdException Locked="false" Priority="66" SemiHidden="false"    UnhideWhenUsed="false" Name="Medium List 2 Accent 3" /> <w:LsdException Locked="false" Priority="67" SemiHidden="false"    UnhideWhenUsed="false" Name="Medium Grid 1 Accent 3" /> <w:LsdException Locked="false" Priority="68" SemiHidden="false"    UnhideWhenUsed="false" Name="Medium Grid 2 Accent 3" /> <w:LsdException Locked="false" Priority="69" SemiHidden="false"    UnhideWhenUsed="false" Name="Medium Grid 3 Accent 3" /> <w:LsdException Locked="false" Priority="70" SemiHidden="false"    UnhideWhenUsed="false" Name="Dark List Accent 3" /> <w:LsdException Locked="false" Priority="71" SemiHidden="false"    UnhideWhenUsed="false" Name="Colorful Shading Accent 3" /> <w:LsdException Locked="false" Priority="72" SemiHidden="false"    UnhideWhenUsed="false" Name="Colorful List Accent 3" /> <w:LsdException Locked="false" Priority="73" SemiHidden="false"    UnhideWhenUsed="false" Name="Colorful Grid Accent 3" /> <w:LsdException Locked="false" Priority="60" SemiHidden="false"    UnhideWhenUsed="false" Name="Light Shading Accent 4" /> <w:LsdException Locked="false" Priority="61" SemiHidden="false"    UnhideWhenUsed="false" Name="Light List Accent 4" /> <w:LsdException Locked="false" Priority="62" SemiHidden="false"    UnhideWhenUsed="false" Name="Light Grid Accent 4" /> <w:LsdException Locked="false" Priority="63" SemiHidden="false"    UnhideWhenUsed="false" Name="Medium Shading 1 Accent 4" /> <w:LsdException Locked="false" Priority="64" SemiHidden="false"    UnhideWhenUsed="false" Name="Medium Shading 2 Accent 4" /> <w:LsdException Locked="false" Priority="65" SemiHidden="false"    UnhideWhenUsed="false" Name="Medium List 1 Accent 4" /> <w:LsdException Locked="false" Priority="66" SemiHidden="false"    UnhideWhenUsed="false" Name="Medium List 2 Accent 4" /> <w:LsdException Locked="false" Priority="67" SemiHidden="false"    UnhideWhenUsed="false" Name="Medium Grid 1 Accent 4" /> <w:LsdException Locked="false" Priority="68" SemiHidden="false"    UnhideWhenUsed="false" Name="Medium Grid 2 Accent 4" /> <w:LsdException Locked="false" Priority="69" SemiHidden="false"    UnhideWhenUsed="false" Name="Medium Grid 3 Accent 4" /> <w:LsdException Locked="false" Priority="70" SemiHidden="false"    UnhideWhenUsed="false" Name="Dark List Accent 4" /> <w:LsdException Locked="false" Priority="71" SemiHidden="false"    UnhideWhenUsed="false" Name="Colorful Shading Accent 4" /> <w:LsdException Locked="false" Priority="72" SemiHidden="false"    UnhideWhenUsed="false" Name="Colorful List Accent 4" /> <w:LsdException Locked="false" Priority="73" SemiHidden="false"    UnhideWhenUsed="false" Name="Colorful Grid Accent 4" /> <w:LsdException Locked="false" Priority="60" SemiHidden="false"    UnhideWhenUsed="false" Name="Light Shading Accent 5" /> <w:LsdException Locked="false" Priority="61" SemiHidden="false"    UnhideWhenUsed="false" Name="Light List Accent 5" /> <w:LsdException Locked="false" Priority="62" SemiHidden="false"    UnhideWhenUsed="false" Name="Light Grid Accent 5" /> <w:LsdException Locked="false" Priority="63" SemiHidden="false"    UnhideWhenUsed="false" Name="Medium Shading 1 Accent 5" /> <w:LsdException Locked="false" Priority="64" SemiHidden="false"    UnhideWhenUsed="false" Name="Medium Shading 2 Accent 5" /> <w:LsdException Locked="false" Priority="65" SemiHidden="false"    UnhideWhenUsed="false" Name="Medium List 1 Accent 5" /> <w:LsdException Locked="false" Priority="66" SemiHidden="false"    UnhideWhenUsed="false" Name="Medium List 2 Accent 5" /> <w:LsdException Locked="false" Priority="67" SemiHidden="false"    UnhideWhenUsed="false" Name="Medium Grid 1 Accent 5" /> <w:LsdException Locked="false" Priority="68" SemiHidden="false"    UnhideWhenUsed="false" Name="Medium Grid 2 Accent 5" /> <w:LsdException Locked="false" Priority="69" SemiHidden="false"    UnhideWhenUsed="false" Name="Medium Grid 3 Accent 5" /> <w:LsdException Locked="false" Priority="70" SemiHidden="false"    UnhideWhenUsed="false" Name="Dark List Accent 5" /> <w:LsdException Locked="false" Priority="71" SemiHidden="false"    UnhideWhenUsed="false" Name="Colorful Shading Accent 5" /> <w:LsdException Locked="false" Priority="72" SemiHidden="false"    UnhideWhenUsed="false" Name="Colorful List Accent 5" /> <w:LsdException Locked="false" Priority="73" SemiHidden="false"    UnhideWhenUsed="false" Name="Colorful Grid Accent 5" /> <w:LsdException Locked="false" Priority="60" SemiHidden="false"    UnhideWhenUsed="false" Name="Light Shading Accent 6" /> <w:LsdException Locked="false" Priority="61" SemiHidden="false"    UnhideWhenUsed="false" Name="Light List Accent 6" /> <w:LsdException Locked="false" Priority="62" SemiHidden="false"    UnhideWhenUsed="false" Name="Light Grid Accent 6" /> <w:LsdException Locked="false" Priority="63" SemiHidden="false"    UnhideWhenUsed="false" Name="Medium Shading 1 Accent 6" /> <w:LsdException Locked="false" Priority="64" SemiHidden="false"    UnhideWhenUsed="false" Name="Medium Shading 2 Accent 6" /> <w:LsdException Locked="false" Priority="65" SemiHidden="false"    UnhideWhenUsed="false" Name="Medium List 1 Accent 6" /> <w:LsdException Locked="false" Priority="66" SemiHidden="false"    UnhideWhenUsed="false" Name="Medium List 2 Accent 6" /> <w:LsdException Locked="false" Priority="67" SemiHidden="false"    UnhideWhenUsed="false" Name="Medium Grid 1 Accent 6" /> <w:LsdException Locked="false" Priority="68" SemiHidden="false"    UnhideWhenUsed="false" Name="Medium Grid 2 Accent 6" /> <w:LsdException Locked="false" Priority="69" SemiHidden="false"    UnhideWhenUsed="false" Name="Medium Grid 3 Accent 6" /> <w:LsdException Locked="false" Priority="70" SemiHidden="false"    UnhideWhenUsed="false" Name="Dark List Accent 6" /> <w:LsdException Locked="false" Priority="71" SemiHidden="false"    UnhideWhenUsed="false" Name="Colorful Shading Accent 6" /> <w:LsdException Locked="false" Priority="72" SemiHidden="false"    UnhideWhenUsed="false" Name="Colorful List Accent 6" /> <w:LsdException Locked="false" Priority="73" SemiHidden="false"    UnhideWhenUsed="false" Name="Colorful Grid Accent 6" /> <w:LsdException Locked="false" Priority="19" SemiHidden="false"    UnhideWhenUsed="false" QFormat="true" Name="Subtle Emphasis" /> <w:LsdException Locked="false" Priority="21" SemiHidden="false"    UnhideWhenUsed="false" QFormat="true" Name="Intense Emphasis" /> <w:LsdException Locked="false" Priority="31" SemiHidden="false"    UnhideWhenUsed="false" QFormat="true" Name="Subtle Reference" /> <w:LsdException Locked="false" Priority="32" SemiHidden="false"    UnhideWhenUsed="false" QFormat="true" Name="Intense Reference" /> <w:LsdException Locked="false" Priority="33" SemiHidden="false"    UnhideWhenUsed="false" QFormat="true" Name="Book Title" /> <w:LsdException Locked="false" Priority="37" Name="Bibliography" /> <w:LsdException Locked="false" Priority="39" QFormat="true" Name="TOC Heading" /> </w:LatentStyles> </xml><![endif]--><!--[if gte mso 10]>\r\n<style>\r\n /* Style Definitions */\r\n table.MsoNormalTable\r\n	{mso-style-name:"Table Normal";\r\n	mso-tstyle-rowband-size:0;\r\n	mso-tstyle-colband-size:0;\r\n	mso-style-noshow:yes;\r\n	mso-style-priority:99;\r\n	mso-style-qformat:yes;\r\n	mso-style-parent:"";\r\n	mso-padding-alt:0cm 5.4pt 0cm 5.4pt;\r\n	mso-para-margin:0cm;\r\n	mso-para-margin-bottom:.0001pt;\r\n	mso-pagination:widow-orphan;\r\n	font-size:11.0pt;\r\n	font-family:"Calibri","sans-serif";\r\n	mso-ascii-font-family:Calibri;\r\n	mso-ascii-theme-font:minor-latin;\r\n	mso-fareast-font-family:"Times New Roman";\r\n	mso-fareast-theme-font:minor-fareast;\r\n	mso-hansi-font-family:Calibri;\r\n	mso-hansi-theme-font:minor-latin;\r\n	mso-bidi-font-family:"Times New Roman";\r\n	mso-bidi-theme-font:minor-bidi;}\r\n</style>\r\n<![endif]-->\r\n<p class="MsoNormal"><span style="font-size: 12.0pt; line-height: 120%; font-family: &quot;Times New Roman&quot;,&quot;serif&quot;; font-style: normal; mso-bidi-font-style: italic;" lang="EN-US"><span style="mso-spacerun: yes;">&nbsp;&nbsp;&nbsp;&nbsp;&nbsp;&nbsp;&nbsp;&nbsp;&nbsp;&nbsp;&nbsp;&nbsp;&nbsp;&nbsp;&nbsp;&nbsp;&nbsp;&nbsp;&nbsp;&nbsp;&nbsp;&nbsp; </span>The system helps in buying of products and services online by choosing the listed products from website (E-Commerce Site).</span></p>\r\n<p class="MsoNormal"><span style="font-size: 12.0pt; line-height: 120%; font-family: &quot;Times New Roman&quot;,&quot;serif&quot;; font-style: normal; mso-bidi-font-style: italic;" lang="EN-US"><span style="mso-spacerun: yes;">&nbsp;&nbsp;&nbsp;&nbsp;&nbsp;&nbsp;&nbsp;&nbsp;&nbsp;&nbsp;&nbsp;&nbsp;&nbsp;&nbsp;&nbsp;&nbsp;&nbsp;&nbsp;&nbsp;&nbsp;&nbsp;&nbsp;&nbsp; </span>In day to day life, we will need to buy lots of products from a shop. It may be food items, electronic items, house hold items, fashion items etc. now a days, it is really hard to get some time to go out and get them by ourselves due to busy life style or lots of works. In order to solve this, E-Commerce websites have been started. Using these websites, we can buy products online just by visiting the websites and ordering the item online by making payments online.</span></p>\r\n</p>\r\n<ul>\r\n</ul>'),
(6, 'Our Store', ''),
(7, 'Term And Condition', '');

-- --------------------------------------------------------

--
-- Table structure for table `dt_module`
--

CREATE TABLE IF NOT EXISTS `dt_module` (
  `user_id` int(10) NOT NULL,
  `content` int(11) NOT NULL,
  `settings` int(11) NOT NULL,
  `user` int(11) NOT NULL,
  PRIMARY KEY (`user_id`)
) ENGINE=MyISAM DEFAULT CHARSET=latin1 COLLATE=latin1_general_ci;

--
-- Dumping data for table `dt_module`
--

INSERT INTO `dt_module` (`user_id`, `content`, `settings`, `user`) VALUES
(1, 1, 1, 1);

-- --------------------------------------------------------

--
-- Table structure for table `dt_role`
--

CREATE TABLE IF NOT EXISTS `dt_role` (
  `id` int(10) NOT NULL AUTO_INCREMENT,
  `name` varchar(100) COLLATE latin1_general_ci NOT NULL,
  `description` varchar(100) COLLATE latin1_general_ci NOT NULL,
  PRIMARY KEY (`id`)
) ENGINE=MyISAM  DEFAULT CHARSET=latin1 COLLATE=latin1_general_ci AUTO_INCREMENT=2 ;

--
-- Dumping data for table `dt_role`
--

INSERT INTO `dt_role` (`id`, `name`, `description`) VALUES
(1, 'Administrator', 'The Main Admin');

-- --------------------------------------------------------

--
-- Table structure for table `dt_welcome`
--

CREATE TABLE IF NOT EXISTS `dt_welcome` (
  `id` int(10) NOT NULL,
  `title` varchar(100) COLLATE latin1_general_ci NOT NULL,
  `icon` varchar(100) COLLATE latin1_general_ci NOT NULL,
  `chk_value` varchar(100) COLLATE latin1_general_ci NOT NULL,
  `url` varchar(100) COLLATE latin1_general_ci NOT NULL,
  PRIMARY KEY (`title`)
) ENGINE=MyISAM DEFAULT CHARSET=latin1 COLLATE=latin1_general_ci;

--
-- Dumping data for table `dt_welcome`
--

INSERT INTO `dt_welcome` (`id`, `title`, `icon`, `chk_value`, `url`) VALUES
(1, 'Content', '9.png', 'content', 'index.php?module=content&&header=Content&&id=4'),
(12, 'Settings', '12.png', 'settings', 'index.php?module=add_admin_user&header=Admin Account Settings&id=1'),
(2, 'manage customer', '16.png', 'user', 'index.php?module=managecustomer&&header=managecustomer');

-- --------------------------------------------------------

--
-- Table structure for table `payment_details`
--

CREATE TABLE IF NOT EXISTS `payment_details` (
  `id` int(11) NOT NULL AUTO_INCREMENT,
  `user_id` int(11) NOT NULL,
  `order_id` int(11) NOT NULL,
  `c_name` varchar(255) NOT NULL,
  `c_email` varchar(255) NOT NULL,
  `c_address` varchar(255) NOT NULL,
  `c_phone` varchar(255) NOT NULL,
  `c_country` varchar(255) NOT NULL,
  `c_state` varchar(255) NOT NULL,
  `c_city` varchar(255) NOT NULL,
  `c_zip` varchar(255) NOT NULL,
  `product_id` int(11) NOT NULL,
  `product_name` varchar(255) NOT NULL,
  `product_image` varchar(255) NOT NULL,
  `size` varchar(15) NOT NULL,
  `qty` int(11) NOT NULL,
  `price` int(11) NOT NULL,
  `total` int(11) NOT NULL,
  `status` int(11) NOT NULL,
  `date` date NOT NULL,
  `time` time NOT NULL,
  PRIMARY KEY (`id`)
) ENGINE=InnoDB  DEFAULT CHARSET=latin1 AUTO_INCREMENT=15 ;

--
-- Dumping data for table `payment_details`
--

INSERT INTO `payment_details` (`id`, `user_id`, `order_id`, `c_name`, `c_email`, `c_address`, `c_phone`, `c_country`, `c_state`, `c_city`, `c_zip`, `product_id`, `product_name`, `product_image`, `size`, `qty`, `price`, `total`, `status`, `date`, `time`) VALUES
(12, 2, 2147483647, 'Abhijit Chakraborty', 'abhi@gmail.com', 'Haldia', '9126686992', 'India', 'N/A', 'Haldia', '721635', 1, 'product 1', '51d2770451f7f0702201384524.jpg', '', 25000, 1, 25000, 1, '2013-07-18', '12:55:30'),
(13, 2, 2147483647, 'Abhijit Chakraborty', 'abhi@gmail.com', 'Haldia', '9126686992', 'India', 'N/A', 'Haldia', '721635', 1, 'product 1', '51d2770451f7f0702201384524.jpg', '', 25000, 1, 25000, 1, '2013-07-18', '13:26:57'),
(14, 2, 2147483647, 'Abhijit Chakraborty', 'abhi@gmail.com', 'Haldia', '9126686992', 'India', 'N/A', 'Haldia', '721635', 2, 'product 2', '51d52ec7a036e07042013101359.jpg', '', 1500, 1, 1500, 0, '2013-07-18', '13:26:57');

-- --------------------------------------------------------

--
-- Table structure for table `product`
--

CREATE TABLE IF NOT EXISTS `product` (
  `prod_id` int(11) NOT NULL AUTO_INCREMENT,
  `cat_id` int(11) NOT NULL,
  `prod_name` varchar(255) NOT NULL,
  `prod_image` varchar(100) NOT NULL,
  `prod_details` varchar(255) NOT NULL,
  `prod_price` varchar(255) NOT NULL,
  `prod_color` varchar(255) NOT NULL,
  `available_color` varchar(255) NOT NULL,
  `feature_prod` int(11) NOT NULL,
  `special_prod` int(11) NOT NULL,
  `time` timestamp NOT NULL DEFAULT CURRENT_TIMESTAMP ON UPDATE CURRENT_TIMESTAMP,
  `status` enum('1','0') NOT NULL,
  PRIMARY KEY (`prod_id`)
) ENGINE=InnoDB  DEFAULT CHARSET=latin1 AUTO_INCREMENT=240 ;

--
-- Dumping data for table `product`
--

INSERT INTO `product` (`prod_id`, `cat_id`, `prod_name`, `prod_image`, `prod_details`, `prod_price`, `prod_color`, `available_color`, `feature_prod`, `special_prod`, `time`, `status`) VALUES
(186, 27, 'Ladies Sunglass', '3721403635148.jpg', '<p>\r\n	Beautifull Ladies Purple Sunglass</p>\r\n', '999', '14', '10,13,16,17,', 1, 1, '2014-06-25 00:09:08', '1'),
(187, 27, 'Gents Sunglass', '2691403635348.jpg', '<p>\r\n	Beautifull Gents Green Sunglass</p>\r\n', '899', '17', '13,16,', 1, 0, '2014-06-25 00:12:28', '1'),
(188, 27, 'Gents Sunglass', '3521403635484.jpg', '<p>\r\n	Gents Blue Sunglass</p>\r\n', '899', '16', '17,', 1, 0, '2014-06-25 00:14:44', '1'),
(189, 27, 'Gents Sunglass', '5031403635543.jpg', '<p>\r\n	Gents sunglass</p>\r\n', '899', '16', '', 1, 0, '2014-06-25 00:15:43', '1'),
(190, 27, 'Gents Sunglass', '8291403635659.jpg', '<p>\r\n	Gents good Sunglass</p>\r\n', '1111', '27', '', 1, 0, '2014-06-25 00:17:39', '1'),
(191, 27, 'Ladies Sunglass', '9771403635741.jpg', '<p>\r\n	Stylish Ladies Sunglass</p>\r\n', '875', '19', '', 1, 0, '2014-06-25 00:19:01', '1'),
(192, 27, 'Gents Sunglass', '8231403635964.jpg', '<p>\r\n	Simple Glass</p>\r\n', '599', '43', '', 1, 0, '2014-06-25 00:22:44', '1'),
(193, 26, 'Ladies Bag', '2771403637045.jpg', '<p>\r\n	Leather Bag</p>\r\n', '1559', '21', '10,11,17,19,', 1, 1, '2014-06-25 00:40:45', '1'),
(194, 26, 'Ladies Bag', '2031403637109.png', '<p>\r\n	Leather Bag</p>\r\n', '1466', '21', '', 1, 1, '2014-06-25 00:41:49', '1'),
(195, 26, 'Ladies Bag', '4571403637205.jpg', '<p>\r\n	Beautifull Bag</p>\r\n', '1589', '11', '', 1, 0, '2014-06-25 00:43:25', '1'),
(196, 26, 'Ladies Bag', '6361403637291.png', '<p>\r\n	good Bag</p>\r\n', '1999', '19', '', 0, 0, '2014-06-25 00:44:51', '1'),
(197, 26, 'Ladies Bag', '4561403637331.jpg', '<p>\r\n	Nice Bag</p>\r\n', '999', '10', '', 0, 0, '2014-06-25 00:45:31', '1'),
(198, 26, 'Ladies Bag', '7561403637382.png', '<p>\r\n	Black Bag</p>\r\n', '888', '13', '', 0, 0, '2014-06-25 00:46:22', '1'),
(199, 26, 'Gents Bag', '8301403637477.jpg', '<p>\r\n	Nice Bag</p>\r\n', '1555', '19', '', 1, 0, '2014-06-25 00:47:57', '1'),
(200, 26, 'Gents Bag', '9391403637550.jpg', '<p>\r\n	Office Bag</p>\r\n', '2259', '15', '', 1, 0, '2014-06-25 00:49:10', '1'),
(201, 26, 'Gents Bag', '8951403637610.jpg', '<p>\r\n	Beautifull Bag</p>\r\n', '1559', '15', '', 1, 0, '2014-06-25 00:50:10', '1'),
(202, 26, 'Travel Bag', '8101403637673.jpg', '<p>\r\n	Nice Travel Bag</p>\r\n', '2001', '20', '', 1, 0, '2014-06-25 00:51:13', '1'),
(203, 26, 'Travel Bag', '5111403637713.jpg', '<p>\r\n	Nice Bag</p>\r\n', '2551', '13', '', 1, 0, '2014-06-25 00:51:53', '1'),
(204, 28, 'Gents Boot', '7891403638750.jpg', '<p>\r\n	Leather Boot</p>\r\n', '1565', '23', '', 1, 1, '2014-06-25 01:09:10', '1'),
(205, 28, 'Ladies Boot', '4421403638864.jpg', '<p>\r\n	Nice Boot</p>\r\n', '1001', '23', '', 1, 1, '2014-06-25 01:11:04', '1'),
(206, 28, 'Ladies Boot', '6751403638941.jpg', '<p>\r\n	winter Boot</p>\r\n', '1565', '10', '', 1, 0, '2014-06-25 01:12:21', '1'),
(207, 28, 'Gents Boot', '991403639111.jpg', '<p>\r\n	Winter boot</p>\r\n', '1966', '20', '', 0, 0, '2014-06-25 01:15:11', '1'),
(208, 28, 'Ladies Boot', '4351403639230.jpg', '<p>\r\n	Beautifull Ladies boot</p>\r\n', '1222', '23', '', 0, 0, '2014-06-25 01:17:10', '1'),
(209, 28, 'Gents Boot', '6121403639339.jpg', '<p>\r\n	winter Boot</p>\r\n', '2456', '15', '', 0, 0, '2014-06-25 01:18:59', '1'),
(210, 28, 'Ladies Boot', '8161403639463.jpg', '<p>\r\n	Leather Boot</p>\r\n', '1412', '23', '', 0, 0, '2014-06-25 01:21:03', '1'),
(211, 29, 'Ladies cap', '5291403640139.jpg', '<p>\r\n	Ladies Nice cap</p>\r\n', '505', '11', '21,', 1, 0, '2014-06-25 01:32:19', '1'),
(212, 29, 'Gents cap', '4251403640237.jpg', '<p>\r\n	Nice Cap</p>\r\n', '255', '11', '10,16,17,21,', 1, 0, '2014-06-25 01:33:57', '1'),
(213, 29, 'Gents cap', '7571403640279.jpg', '<p>\r\n	Comfortable Cap</p>\r\n', '300', '10', '', 0, 0, '2014-06-25 01:34:39', '1'),
(214, 29, 'Ladies cap', '6031403640320.jpg', '<p>\r\n	Nice Cap</p>\r\n', '545', '21', '', 0, 0, '2014-06-25 01:35:20', '1'),
(215, 29, 'Gents cap', '4931403640357.jpg', '<p>\r\n	good cap</p>\r\n', '255', '21', '', 1, 0, '2014-06-25 01:35:57', '1'),
(216, 29, 'Gents cap', '6691403640415.jpg', '<p>\r\n	Good Cap</p>\r\n', '299', '17', '10,11,16,', 0, 0, '2014-06-25 01:36:55', '1'),
(217, 29, 'Gents cap', '5141403640470.jpg', '<p>\r\n	Good Cap</p>\r\n', '289', '16', '11,17,', 0, 0, '2014-06-25 01:37:50', '1'),
(218, 29, 'Gents cap', '1361403640534.jpg', '<p>\r\n	Stylish Hat</p>\r\n', '552', '15', '', 0, 1, '2014-06-25 01:38:54', '1'),
(219, 29, 'Gents cap', '1561403640604.jpg', '<p>\r\n	Good Cap</p>\r\n', '252', '20', '', 0, 0, '2014-06-25 01:40:04', '1'),
(220, 30, 'Gents Watch', '8241403641710.jpg', '<p>\r\n	Fancy Gents Watch</p>\r\n', '2525', '43', '10,43,', 1, 1, '2014-06-25 01:58:30', '1'),
(221, 30, 'Ladies Watch', '1011403641784.jpg', '<p>\r\n	Fancy Watch</p>\r\n', '1500', '10', '10,11,', 1, 1, '2014-06-25 01:59:44', '1'),
(222, 30, 'Gents Watch', '4481403641856.png', '<p>\r\n	Silver Watch</p>\r\n', '3021', '29', '', 0, 0, '2014-06-25 02:00:56', '1'),
(223, 30, 'Ladies Watch', '6091403641948.jpg', '<p>\r\n	Nice Watch</p>\r\n', '3210', '29', '11,19,', 0, 1, '2014-06-25 02:02:28', '1'),
(224, 30, 'Gents Watch', '7231403642032.jpg', '<p>\r\n	Golden Watch</p>\r\n', '3051', '43', '', 0, 0, '2014-06-25 02:03:52', '1'),
(225, 30, 'Ladies Watch', '8501403642085.jpg', '<p>\r\n	Fancy Watch</p>\r\n', '2050', '11', '', 0, 0, '2014-06-25 02:04:45', '1'),
(226, 30, 'Gents Watch', '8341403642170.jpg', '<p>\r\n	Leather Belt Watch</p>\r\n', '2001', '13', '', 0, 0, '2014-06-25 02:06:10', '1'),
(227, 30, 'Gents Watch', '8971403642224.jpg', '<p>\r\n	Golden Chain Watch</p>\r\n', '3201', '36', '', 0, 0, '2014-06-25 02:07:04', '1'),
(230, 30, 'Ladies Watch', '.jpeg', '<p>\r\n	Fancy Watch</p>\r\n', '2452', '19', '', 0, 0, '2014-06-25 02:12:00', '1'),
(231, 31, 'Gents Belt', '3031403643323.jpg', '<p>\r\n	Comfortable Nice Belt</p>\r\n', '212', '19', '15,23,', 1, 1, '2014-06-25 02:25:23', '1'),
(232, 31, 'Ladis Belt', '8551403643397.jpg', '<p>\r\n	Fancy Belt</p>\r\n', '265', '23', '', 1, 0, '2014-06-25 02:26:37', '1'),
(233, 31, 'Gents Belt', '5031403643460.jpg', '<p>\r\n	Gents Leather Belt</p>\r\n', '356', '15', '', 0, 0, '2014-06-25 02:27:40', '1'),
(234, 31, 'Ladies Belt', '3721403643528.jpg', '<p>\r\n	Stylish Belt</p>\r\n', '452', '19', '', 0, 1, '2014-06-25 02:28:48', '1'),
(235, 31, 'Gents Belt', '2501403643579.jpg', '<p>\r\n	Good Belt</p>\r\n', '245', '15', '', 0, 0, '2014-06-25 02:29:39', '1'),
(236, 31, 'Ladies Belt', '9481403643644.jpg', '<p>\r\n	Nice Ladies Belt</p>\r\n', '352', '21', '', 0, 0, '2014-06-25 02:30:44', '1'),
(237, 31, 'Gents Belt', '991403643697.jpg', '<p>\r\n	Fancy Belt</p>\r\n', '324', '23', '', 0, 0, '2014-06-25 02:31:37', '1'),
(238, 31, 'Ladies Belt', '3451403643740.jpg', '<p>\r\n	Fancy Belt</p>\r\n', '423', '20', '', 1, 0, '2014-06-25 02:32:20', '1'),
(239, 31, 'Gents Belt', '6881403643821.jpg', '<p>\r\n	Leather Belt</p>\r\n', '220', '15', '', 0, 0, '2014-06-25 02:33:41', '1');

-- --------------------------------------------------------

--
-- Table structure for table `product_image`
--

CREATE TABLE IF NOT EXISTS `product_image` (
  `id` int(11) NOT NULL AUTO_INCREMENT,
  `prod_id` int(11) NOT NULL,
  `image` varchar(255) NOT NULL,
  PRIMARY KEY (`id`)
) ENGINE=InnoDB  DEFAULT CHARSET=latin1 AUTO_INCREMENT=130 ;

--
-- Dumping data for table `product_image`
--

INSERT INTO `product_image` (`id`, `prod_id`, `image`) VALUES
(128, 60, '9141377699611.png'),
(129, 59, '3671377699634.png');

-- --------------------------------------------------------

--
-- Table structure for table `succesfull`
--

CREATE TABLE IF NOT EXISTS `succesfull` (
  `id` int(11) NOT NULL AUTO_INCREMENT,
  `message` text NOT NULL,
  `date` date NOT NULL,
  `time` time NOT NULL,
  PRIMARY KEY (`id`)
) ENGINE=InnoDB  DEFAULT CHARSET=latin1 AUTO_INCREMENT=2 ;

--
-- Dumping data for table `succesfull`
--

INSERT INTO `succesfull` (`id`, `message`, `date`, `time`) VALUES
(1, '<p>\r\n	payment succesfully..</p>\r\n', '0000-00-00', '00:00:00');

-- --------------------------------------------------------

--
-- Table structure for table `tbl_cart`
--

CREATE TABLE IF NOT EXISTS `tbl_cart` (
  `id` int(11) NOT NULL AUTO_INCREMENT,
  `user_id` varchar(100) NOT NULL,
  `product_id` int(11) NOT NULL,
  `product_name` varchar(100) NOT NULL,
  `product_image` varchar(100) NOT NULL,
  `size` varchar(15) NOT NULL,
  `price` int(11) NOT NULL,
  `qty` int(11) NOT NULL,
  `total` int(11) NOT NULL,
  `discount` int(11) NOT NULL,
  `date` int(11) NOT NULL,
  `time` int(11) NOT NULL,
  PRIMARY KEY (`id`)
) ENGINE=MyISAM  DEFAULT CHARSET=latin1 AUTO_INCREMENT=627 ;

--
-- Dumping data for table `tbl_cart`
--

INSERT INTO `tbl_cart` (`id`, `user_id`, `product_id`, `product_name`, `product_image`, `size`, `price`, `qty`, `total`, `discount`, `date`, `time`) VALUES
(38, '2', 56, 'dsdfss', '7191377755493.png', '', 44, 3, 132, 0, 2013, 7),
(40, '117.194.207.129', 55, 'product 7', '8911377777363.png', '', 43, 4, 172, 0, 2013, 12),
(41, '223.29.204.2', 56, 'product 5', '5161377777337.png', '', 44, 4, 176, 0, 2013, 13),
(42, '223.29.204.2', 57, 'product 5', '9251377777313.png', '', 66, 1, 66, 0, 2013, 13),
(43, '2', 55, 'product 7', '7981377851367.jpg', '', 43, 1, 43, 0, 2013, 15),
(50, '223.29.204.2', 60, 'product 2', '2651377862822.jpg', '', 138, 2, 276, 0, 2013, 13),
(45, '117.194.209.219', 56, 'product 5', '7691377866501.jpg', '', 44, 1, 44, 0, 2013, 11),
(46, '115.184.145.155', 55, 'product 7', '7981377851367.jpg', '', 43, 1, 43, 0, 2013, 15),
(47, '223.29.204.2', 59, 'product 3', '2981377862848.jpg', '', 45, 1, 45, 0, 2013, 16),
(48, '223.29.204.2', 63, 'bag', '7451377862802.jpg', '', 43, 1, 43, 0, 2013, 20),
(49, '223.29.204.2', 55, 'product 7', '7981377851367.jpg', '', 43, 1, 43, 0, 2013, 19),
(51, '117.194.206.171', 55, 'product 7', '7981377851367.jpg', '', 43, 1, 43, 0, 2013, 16),
(52, '223.29.194.70', 57, 'product 5', '8111377863615.jpg', '', 66, 1, 66, 0, 2013, 14),
(53, '122.176.99.98', 64, 'product 1', '5661377862776.jpg', '', 14, 1, 14, 0, 2013, 10),
(54, '122.163.1.217', 69, '7703', '7671379511792.jpg', '', 1540, 1, 1540, 0, 2013, 13),
(55, '122.163.1.217', 60, '5514', '2651377862822.jpg', '', 1475, 1, 1475, 0, 2013, 16),
(56, '122.163.60.236', 56, '5507', '7691377866501.jpg', '', 1650, 1, 1650, 0, 2013, 13),
(57, '115.184.161.145', 121, '7745', '2051380099379.jpg', '', 3200, 1, 3200, 0, 2013, 0),
(58, '101.62.26.41', 119, '7736', '4951380098948.jpg', '', 3500, 1, 3500, 0, 2013, 18),
(59, '122.163.39.33', 59, '5513', '2981377862848.jpg', '', 1875, 1, 1875, 0, 2013, 18),
(66, '66.249.73.232', 78, '7709', '9311379940418.jpg', '', 2150, 1, 2150, 0, 2013, 20),
(65, '122.163.6.207', 56, '5507', '7691377866501.jpg', '', 1650, 1, 1650, 0, 2013, 19),
(67, '66.249.73.232', 99, '7733', '7751380016127.jpg', '', 2400, 1, 2400, 0, 2013, 20),
(68, '66.249.73.232', 94, '7726', '7371380015016.jpg', '', 2800, 1, 2800, 0, 2013, 20),
(69, '66.249.73.232', 96, '7729', '3051380015469.jpg', '', 1500, 1, 1500, 0, 2013, 20),
(70, '66.249.73.232', 60, '5514', '2651377862822.jpg', '', 1475, 3, 4425, 0, 2013, 21),
(71, '66.249.73.232', 76, '7713', '3461379940053.jpg', '', 1750, 1, 1750, 0, 2013, 21),
(72, '66.249.73.232', 55, '5501', '7981377851367.jpg', '', 1675, 1, 1675, 0, 2013, 21),
(73, '66.249.73.232', 84, '7707', '3771380012340.jpg', '', 2200, 1, 2200, 0, 2013, 21),
(74, '66.249.73.232', 80, '7711', '7611379940746.jpg', '', 2500, 1, 2500, 0, 2013, 21),
(75, '66.249.73.232', 97, '7730', '9521380015610.jpg', '', 3000, 1, 3000, 0, 2013, 21),
(76, '66.249.73.232', 87, '7714', '2901380012896.jpg', '', 2240, 1, 2240, 0, 2013, 21),
(77, '66.249.73.232', 73, '7702', '6341379940020.jpg', '', 2150, 1, 2150, 0, 2013, 21),
(78, '66.249.73.232', 98, '7731', '2421380015857.jpg', '', 3500, 1, 3500, 0, 2013, 21),
(79, '66.249.73.232', 88, '7715', '3421380013114.jpg', '', 2500, 1, 2500, 0, 2013, 22),
(80, '66.249.73.232', 75, '7706', '3051380011854.jpg', '', 2170, 1, 2170, 0, 2013, 22),
(81, '66.249.73.232', 91, '7717', '7461380013800.jpg', '', 2800, 1, 2800, 0, 2013, 22),
(82, '66.249.73.232', 74, '7705', '1971379938838.jpg', '', 1975, 1, 1975, 0, 2013, 22),
(83, '66.249.73.232', 81, '7732', '4521379940892.jpg', '', 1590, 1, 1590, 0, 2013, 22),
(84, '66.249.73.232', 79, '7721', '1231379940617.jpg', '', 2240, 2, 4480, 0, 2013, 22),
(85, '66.249.73.232', 72, '7701', '6451379938418.jpg', '', 1540, 1, 1540, 0, 2013, 22),
(86, '66.249.73.232', 85, '7710', '5441380012522.jpg', '', 2500, 1, 2500, 0, 2013, 22),
(87, '66.249.73.232', 93, '7725', '4321380014510.jpg', '', 2500, 1, 2500, 0, 2013, 22),
(88, '66.249.73.232', 86, '7712', '5521380012622.jpg', '', 2000, 1, 2000, 0, 2013, 23),
(89, '66.249.73.232', 71, '7724', '4291379512407.jpg', '', 2570, 1, 2570, 0, 2013, 23),
(90, '66.249.73.232', 70, '7704', '8761379511938.jpg', '', 1575, 1, 1575, 0, 2013, 23),
(91, '66.249.73.232', 66, '5508', '7881377870677.jpg', '', 1575, 1, 1575, 0, 2013, 23),
(92, '66.249.73.232', 58, '5503', '9491377863596.jpg', '', 1550, 1, 1550, 0, 2013, 23),
(93, '66.249.73.232', 92, '7723', '6151380014391.jpg', '', 2000, 1, 2000, 0, 2013, 23),
(94, '66.249.73.232', 82, '7728', '9451379941099.jpg', '', 2175, 1, 2175, 0, 2013, 23),
(95, '66.249.73.232', 95, '7727', '2901380015248.jpg', '', 1900, 1, 1900, 0, 2013, 23),
(96, '66.249.73.232', 69, '7703', '7671379511792.jpg', '', 1540, 3, 4620, 0, 2013, 23),
(97, '66.249.73.232', 89, '7716', '8581380013413.jpg', '', 2500, 1, 2500, 0, 2013, 23),
(98, '66.249.73.232', 59, '5513', '2981377862848.jpg', '', 1875, 1, 1875, 0, 2013, 23),
(99, '66.249.73.232', 56, '5507', '7691377866501.jpg', '', 1650, 2, 3300, 0, 2013, 23),
(100, '66.249.73.232', 77, '7708', '7761379940199.jpg', '', 2095, 2, 4190, 0, 2013, 0),
(101, '66.249.73.232', 108, '7743', '9721380023278.jpg', '', 2200, 1, 2200, 0, 2013, 0),
(102, '66.249.73.232', 155, '4567', '1591380871074.jpg', '', 1250, 1, 1250, 0, 2013, 0),
(103, '66.249.73.232', 192, '5514', '8461382957969.jpeg', '', 1550, 1, 1550, 0, 2013, 0),
(104, '66.249.73.232', 119, '7736', '4951380098948.jpg', '', 3500, 2, 7000, 0, 2013, 0),
(105, '66.249.73.232', 195, '5519', '5111382958102.jpeg', '', 1950, 1, 1950, 0, 2013, 0),
(106, '66.249.73.232', 193, '5517', '9121382958018.jpeg', '', 1550, 1, 1550, 0, 2013, 0),
(107, '66.249.73.232', 115, '7750', '6481380025408.jpg', '', 2000, 2, 4000, 0, 2013, 0),
(108, '66.249.73.232', 127, '7721', '4071380101005.jpg', '', 2240, 2, 4480, 0, 2013, 1),
(109, '66.249.73.232', 174, '5507', '8831382616178.jpeg', '', 1650, 3, 4950, 0, 2013, 1),
(110, '66.249.73.232', 171, '5504', '5931382615620.jpeg', '', 1650, 2, 3300, 0, 2013, 1),
(111, '66.249.73.232', 130, '7745', '8081380103599.jpg', '', 3200, 2, 6400, 0, 2013, 1),
(112, '66.249.73.232', 188, '5522', '3981382616934.jpeg', '', 850, 1, 850, 0, 2013, 1),
(113, '66.249.73.232', 140, '5505', '7951382619713.jpeg', '', 1600, 2, 3200, 0, 2013, 3),
(114, '66.249.73.232', 181, '5515', '1791382616561.jpeg', '', 1450, 2, 2900, 0, 2013, 3),
(115, '66.249.73.232', 189, '5509', '7571382953947.jpeg', '', 1234, 1, 1234, 0, 2013, 4),
(116, '66.249.73.232', 142, '5505', '7631382619077.jpeg', '', 1600, 1, 1600, 0, 2013, 4),
(117, '66.249.73.232', 186, '5520', '4751382616859.jpeg', '', 850, 1, 850, 0, 2013, 4),
(118, '66.249.73.232', 122, '7726', '6501380099759.jpg', '', 2800, 2, 5600, 0, 2013, 4),
(119, '66.249.73.232', 187, '5521', '4071382616896.jpeg', '', 850, 1, 850, 0, 2013, 4),
(120, '66.249.73.232', 159, '5513', '4061382619648.jpeg', '', 1875, 1, 1875, 0, 2013, 4),
(121, '66.249.73.232', 112, '7747', '6891380024636.jpg', '', 2000, 1, 2000, 0, 2013, 4),
(122, '66.249.73.232', 131, '7736', '9461380103935.jpg', '', 3500, 2, 7000, 0, 2013, 5),
(123, '66.249.73.232', 191, '5504', '9291382957820.jpeg', '', 1450, 1, 1450, 0, 2013, 5),
(124, '66.249.73.232', 123, '7708', '8801380100195.jpg', '', 2095, 1, 2095, 0, 2013, 5),
(125, '66.249.73.232', 168, '5501', '2711382615661.jpeg', '', 1675, 2, 3350, 0, 2013, 5),
(126, '66.249.73.232', 177, '5510', '8171382616369.jpeg', '', 1650, 2, 3300, 0, 2013, 5),
(127, '66.249.73.232', 190, '5516', '7921382957677.jpeg', '', 1254, 1, 1254, 0, 2013, 5),
(128, '66.249.73.232', 169, '5502', '4571382615694.jpeg', '', 1550, 2, 3100, 0, 2013, 5),
(129, '66.249.73.232', 170, '5503', '8751382615754.jpeg', '', 1550, 2, 3100, 0, 2013, 6),
(130, '66.249.73.232', 185, '5519', '1051382616812.jpeg', '', 850, 1, 850, 0, 2013, 6),
(131, '66.249.73.232', 158, '5519', '8821382618998.jpeg', '', 850, 1, 850, 0, 2013, 6),
(132, '66.249.73.232', 153, '5514', '5741380870725.jpg', '', 1250, 1, 1250, 0, 2013, 6),
(133, '66.249.73.232', 109, '7744', '9081380023748.jpg', '', 2800, 2, 5600, 0, 2013, 6),
(134, '66.249.73.232', 102, '7736', '1991380018951.jpg', '', 3500, 2, 7000, 0, 2013, 7),
(135, '66.249.73.232', 156, '3456', '5711380871183.jpg', '', 2345, 1, 2345, 0, 2013, 14),
(136, '66.249.73.232', 180, '5514', '4891382616505.jpeg', '', 1475, 2, 2950, 0, 2013, 16),
(137, '66.249.73.232', 154, '2345', '1251380870879.jpg', '', 2345, 1, 2345, 0, 2013, 19),
(138, '66.249.74.145', 175, '5508', '8961382616253.jpeg', '', 1575, 3, 4725, 0, 2013, 22),
(139, '66.249.74.145', 135, '7742', '3131380107503.jpg', '', 2400, 2, 4800, 0, 2013, 23),
(140, '66.249.74.145', 121, '7745', '2051380099379.jpg', '', 3200, 2, 6400, 0, 2013, 0),
(141, '66.249.74.145', 134, '7709', '5861380107258.jpg', '', 2150, 2, 4300, 0, 2013, 1),
(142, '66.249.74.145', 106, '7740', '7501380021470.jpg', '', 2500, 2, 5000, 0, 2013, 2),
(143, '66.249.74.145', 101, '7735', '8521380016495.jpg', '', 2200, 3, 6600, 0, 2013, 2),
(144, '66.249.74.145', 176, '5509', '6481382616308.jpeg', '', 1675, 5, 8375, 0, 2013, 2),
(145, '66.249.74.145', 196, '5519', '2831382958146.jpeg', '', 1450, 2, 2900, 0, 2013, 3),
(146, '66.249.74.145', 136, '7743', '1681380107589.jpg', '', 2200, 1, 2200, 0, 2013, 4),
(147, '66.249.74.145', 120, '7734', '7251380099223.jpg', '', 2500, 3, 7500, 0, 2013, 4),
(148, '66.249.74.145', 104, '7738', '4441380020159.jpg', '', 2570, 2, 5140, 0, 2013, 5),
(149, '66.249.74.145', 114, '7749', '6011380025203.jpg', '', 2200, 2, 4400, 0, 2013, 5),
(150, '66.249.74.145', 178, '5511', '1081382616409.jpeg', '', 1850, 3, 5550, 0, 2013, 5),
(151, '66.249.74.145', 110, '7745', '2421380023956.jpg', '', 3200, 2, 6400, 0, 2013, 6),
(152, '66.249.74.145', 147, '5517', '8931382619449.jpeg', '', 1800, 1, 1800, 0, 2013, 6),
(153, '66.249.74.145', 183, '5517', '7881382616659.jpeg', '', 1800, 4, 7200, 0, 2013, 7),
(154, '66.249.74.145', 173, '5506', '8371382616120.jpeg', '', 1650, 2, 3300, 0, 2013, 7),
(155, '66.249.74.145', 107, '7742', '3961380023066.jpg', '', 2400, 2, 4800, 0, 2013, 7),
(156, '66.249.74.145', 149, '7732', '2571380539059.jpg', '', 1590, 3, 4770, 0, 2013, 8),
(157, '66.249.74.145', 148, '7705', '6511380538838.jpg', '', 1975, 2, 3950, 0, 2013, 8),
(158, '66.249.74.145', 105, '7739', '4131380020949.jpg', '', 2250, 3, 6750, 0, 2013, 9),
(159, '66.249.74.145', 126, '7701', '2791380100818.jpg', '', 1540, 2, 3080, 0, 2013, 9),
(160, '66.249.74.145', 172, '5505', '2051382615973.jpeg', '', 1600, 1, 1600, 0, 2013, 9),
(161, '66.249.74.145', 182, '5516', '9391382616618.jpeg', '', 1650, 1, 1650, 0, 2013, 10),
(162, '66.249.74.145', 194, '5518', '4951382958059.jpeg', '', 2000, 2, 4000, 0, 2013, 10),
(163, '66.249.74.145', 129, '7704', '1651380101868.jpg', '', 1575, 2, 3150, 0, 2013, 10),
(164, '66.249.74.145', 113, '7748', '9391380030154.jpg', '', 1900, 2, 3800, 0, 2013, 11),
(165, '66.249.74.145', 124, '7709', '3011380100391.jpg', '', 2150, 2, 4300, 0, 2013, 11),
(166, '66.249.74.145', 184, '5518', '9501382616729.jpeg', '', 1750, 2, 3500, 0, 2013, 12),
(167, '66.249.74.145', 100, '7734', '1181380016310.jpg', '', 2500, 7, 17500, 0, 2013, 13),
(168, '66.249.74.145', 103, '7737', '5341380019091.jpg', '', 1900, 2, 3800, 0, 2013, 13),
(169, '66.249.74.145', 179, '5513', '4461382616467.jpeg', '', 1875, 5, 9375, 0, 2013, 13),
(170, '66.249.74.145', 128, '7703', '6741380101691.jpg', '', 1540, 1, 1540, 0, 2013, 20),
(171, '66.249.74.145', 125, '7724', '3531380100569.jpg', '', 2570, 1, 2570, 0, 2013, 21),
(173, '66.249.73.232', 0, '', '', '', 0, 2, 0, 0, 2013, 9),
(174, '66.249.64.1', 88, '7715', '3421380013114.jpg', '', 2500, 1, 2500, 0, 2013, 17),
(175, '66.249.74.145', 108, '7743', '9721380023278.jpg', '', 2200, 2, 4400, 0, 2013, 18),
(176, '66.249.74.145', 60, '5514', '2651377862822.jpg', '', 1475, 1, 1475, 0, 2013, 0),
(177, '66.249.74.145', 55, '5501', '7981377851367.jpg', '', 1675, 2, 3350, 0, 2013, 0),
(178, '66.249.74.145', 78, '7709', '9311379940418.jpg', '', 2150, 2, 4300, 0, 2013, 0),
(179, '66.249.74.145', 99, '7733', '7751380016127.jpg', '', 2400, 2, 4800, 0, 2013, 2),
(180, '66.249.74.145', 88, '7715', '3421380013114.jpg', '', 2500, 2, 5000, 0, 2013, 2),
(181, '66.249.74.145', 94, '7726', '7371380015016.jpg', '', 2800, 2, 5600, 0, 2013, 2),
(182, '66.249.74.145', 96, '7729', '3051380015469.jpg', '', 1500, 2, 3000, 0, 2013, 2),
(183, '66.249.74.145', 76, '7713', '3461379940053.jpg', '', 1750, 2, 3500, 0, 2013, 2),
(184, '66.249.74.145', 84, '7707', '3771380012340.jpg', '', 2200, 2, 4400, 0, 2013, 2),
(185, '66.249.74.145', 80, '7711', '7611379940746.jpg', '', 2500, 2, 5000, 0, 2013, 2),
(186, '66.249.74.145', 97, '7730', '9521380015610.jpg', '', 3000, 2, 6000, 0, 2013, 2),
(187, '66.249.74.145', 87, '7714', '2901380012896.jpg', '', 2240, 2, 4480, 0, 2013, 2),
(188, '66.249.74.145', 73, '7702', '6341379940020.jpg', '', 2150, 2, 4300, 0, 2013, 2),
(189, '66.249.74.145', 98, '7731', '2421380015857.jpg', '', 3500, 2, 7000, 0, 2013, 2),
(190, '66.249.74.145', 75, '7706', '3051380011854.jpg', '', 2170, 2, 4340, 0, 2013, 2),
(191, '66.249.74.145', 91, '7717', '7461380013800.jpg', '', 2800, 2, 5600, 0, 2013, 2),
(192, '66.249.74.145', 74, '7705', '1971379938838.jpg', '', 1975, 2, 3950, 0, 2013, 2),
(193, '66.249.74.145', 81, '7732', '4521379940892.jpg', '', 1590, 2, 3180, 0, 2013, 2),
(194, '66.249.74.145', 79, '7721', '1231379940617.jpg', '', 2240, 2, 4480, 0, 2013, 2),
(195, '66.249.74.145', 72, '7701', '6451379938418.jpg', '', 1540, 2, 3080, 0, 2013, 2),
(196, '66.249.74.145', 85, '7710', '5441380012522.jpg', '', 2500, 4, 10000, 0, 2013, 2),
(197, '66.249.74.145', 93, '7725', '4321380014510.jpg', '', 2500, 2, 5000, 0, 2013, 2),
(198, '66.249.74.145', 86, '7712', '5521380012622.jpg', '', 2000, 2, 4000, 0, 2013, 2),
(199, '66.249.74.145', 71, '7724', '4291379512407.jpg', '', 2570, 2, 5140, 0, 2013, 2),
(200, '66.249.74.145', 70, '7704', '8761379511938.jpg', '', 1575, 2, 3150, 0, 2013, 2),
(201, '66.249.74.145', 66, '5508', '7881377870677.jpg', '', 1575, 2, 3150, 0, 2013, 2),
(202, '66.249.74.145', 58, '5503', '9491377863596.jpg', '', 1550, 2, 3100, 0, 2013, 2),
(203, '66.249.74.145', 92, '7723', '6151380014391.jpg', '', 2000, 2, 4000, 0, 2013, 2),
(204, '66.249.74.145', 82, '7728', '9451379941099.jpg', '', 2175, 2, 4350, 0, 2013, 2),
(205, '66.249.74.145', 95, '7727', '2901380015248.jpg', '', 1900, 2, 3800, 0, 2013, 2),
(206, '66.249.74.145', 89, '7716', '8581380013413.jpg', '', 2500, 2, 5000, 0, 2013, 2),
(207, '66.249.74.145', 59, '5513', '2981377862848.jpg', '', 1875, 2, 3750, 0, 2013, 2),
(208, '66.249.74.145', 56, '5507', '7691377866501.jpg', '', 1650, 2, 3300, 0, 2013, 2),
(209, '66.249.74.145', 77, '7708', '7761379940199.jpg', '', 2095, 1, 2095, 0, 2013, 2),
(210, '66.249.74.145', 119, '7736', '4951380098948.jpg', '', 3500, 1, 3500, 0, 2013, 2),
(211, '66.249.74.145', 115, '7750', '6481380025408.jpg', '', 2000, 1, 2000, 0, 2013, 2),
(212, '66.249.74.145', 171, '5504', '5931382615620.jpeg', '', 1650, 1, 1650, 0, 2013, 2),
(213, '66.249.74.145', 130, '7745', '8081380103599.jpg', '', 3200, 1, 3200, 0, 2013, 2),
(214, '66.249.74.145', 140, '5505', '7951382619713.jpeg', '', 1600, 2, 3200, 0, 2013, 2),
(215, '66.249.74.145', 181, '5515', '1791382616561.jpeg', '', 1450, 1, 1450, 0, 2013, 2),
(216, '66.249.74.145', 122, '7726', '6501380099759.jpg', '', 2800, 1, 2800, 0, 2013, 2),
(217, '66.249.74.145', 131, '7736', '9461380103935.jpg', '', 3500, 1, 3500, 0, 2013, 2),
(218, '66.249.74.145', 159, '5513', '4061382619648.jpeg', '', 1875, 1, 1875, 0, 2013, 4),
(219, '66.249.74.145', 112, '7747', '6891380024636.jpg', '', 2000, 1, 2000, 0, 2013, 4),
(220, '66.249.74.145', 123, '7708', '8801380100195.jpg', '', 2095, 1, 2095, 0, 2013, 4),
(221, '66.249.74.145', 168, '5501', '2711382615661.jpeg', '', 1675, 1, 1675, 0, 2013, 4),
(222, '66.249.74.145', 177, '5510', '8171382616369.jpeg', '', 1650, 1, 1650, 0, 2013, 4),
(223, '66.249.74.145', 169, '5502', '4571382615694.jpeg', '', 1550, 1, 1550, 0, 2013, 4),
(224, '66.249.74.145', 170, '5503', '8751382615754.jpeg', '', 1550, 1, 1550, 0, 2013, 4),
(225, '66.249.74.145', 109, '7744', '9081380023748.jpg', '', 2800, 2, 5600, 0, 2013, 4),
(226, '66.249.74.145', 102, '7736', '1991380018951.jpg', '', 3500, 1, 3500, 0, 2013, 4),
(227, '66.249.74.145', 155, '', '', '', 0, 1, 0, 0, 2013, 5),
(228, '66.249.74.145', 192, '', '', '', 0, 1, 0, 0, 2013, 5),
(229, '66.249.74.145', 195, '', '', '', 0, 1, 0, 0, 2013, 5),
(230, '66.249.74.145', 193, '', '', '', 0, 1, 0, 0, 2013, 5),
(231, '66.249.74.145', 188, '', '', '', 0, 1, 0, 0, 2013, 5),
(232, '66.249.74.145', 189, '', '', '', 0, 1, 0, 0, 2013, 5),
(233, '66.249.74.145', 142, '', '', '', 0, 1, 0, 0, 2013, 5),
(234, '66.249.74.145', 186, '', '', '', 0, 1, 0, 0, 2013, 5),
(235, '66.249.74.145', 187, '', '', '', 0, 1, 0, 0, 2013, 5),
(236, '66.249.74.145', 191, '', '', '', 0, 1, 0, 0, 2013, 5),
(237, '66.249.74.145', 185, '', '', '', 0, 1, 0, 0, 2013, 5),
(238, '66.249.74.145', 156, '', '', '', 0, 1, 0, 0, 2013, 5),
(239, '66.249.74.145', 180, '5514', '4891382616505.jpeg', '', 1475, 2, 2950, 0, 2013, 5),
(240, '66.249.74.145', 154, '', '', '', 0, 1, 0, 0, 2013, 5),
(241, '66.249.74.145', 158, '', '', '', 0, 1, 0, 0, 2013, 5),
(242, '66.249.74.145', 153, '', '', '', 0, 1, 0, 0, 2013, 6),
(243, '66.249.74.145', 127, '7721', '4071380101005.jpg', '', 2240, 1, 2240, 0, 2013, 6),
(244, '66.249.74.145', 174, '5507', '8831382616178.jpeg', '', 1650, 3, 4950, 0, 2013, 7),
(245, '66.249.73.232', 100, '7734', '1181380016310.jpg', '', 2500, 1, 2500, 0, 2013, 5),
(249, '66.249.74.145', 69, '7703', '7671379511792.jpg', '', 1540, 1, 1540, 0, 2013, 10),
(248, '223.29.194.223', 56, '5507', '7691377866501.jpg', '', 1650, 3, 4950, 0, 2013, 21),
(250, '66.249.74.145', 198, '7753', '4561385381096.jpg', '', 1250, 1, 1250, 0, 2013, 0),
(251, '37.228.106.71', 56, '5507', '7691377866501.jpg', '', 1650, 1, 1650, 0, 2013, 9),
(252, '117.194.206.153', 74, '7705', '1971379938838.jpg', '', 1975, 1, 1975, 0, 2013, 13),
(253, '117.194.206.153', 60, '5514', '2651377862822.jpg', '', 1475, 1, 1475, 0, 2013, 16),
(254, '94.23.233.204', 56, '5507', '7691377866501.jpg', '', 1650, 5, 8250, 0, 2013, 5),
(255, '66.249.73.232', 136, '7743', '1681380107589.jpg', '', 2200, 3, 6600, 0, 2013, 15),
(256, '66.249.73.232', 147, '5517', '8931382619449.jpeg', '', 1800, 1, 1800, 0, 2013, 15),
(257, '66.249.73.232', 172, '5505', '8201386337628.jpg', '', 1600, 2, 3200, 0, 2013, 15),
(258, '66.249.73.232', 182, '5516', '2211386337141.jpg', '', 1650, 2, 3300, 0, 2013, 17),
(259, '66.249.73.232', 120, '7734', '1281386339048.jpg', '', 2500, 1, 2500, 0, 2013, 1),
(260, '66.249.73.232', 178, '5511', '1031386337279.jpg', '', 1850, 1, 1850, 0, 2013, 2),
(261, '80.179.219.15', 56, '5507', '7691377866501.jpg', '', 1650, 1, 1650, 0, 2013, 21),
(262, '3', 129, '7704', '1651380101868.jpg', '', 1575, 1, 1575, 0, 2013, 17),
(264, '157.55.34.25', 100, '7734', '7731386330840.jpg', '', 2500, 1, 2500, 0, 2013, 13),
(265, '66.249.73.232', 198, '', '', '', 0, 1, 0, 0, 2013, 20),
(266, '66.249.73.232', 149, '7732', '3701386330023.jpg', '', 1590, 1, 1590, 0, 2013, 23),
(267, '66.249.73.232', 129, '7704', '1651380101868.jpg', '', 1575, 1, 1575, 0, 2013, 9),
(268, '66.249.73.232', 173, '5506', '5651386337590.jpg', '', 1650, 1, 1650, 0, 2013, 18),
(269, '66.249.66.104', 170, '5503', '3211386337737.jpg', '', 1550, 1, 1550, 0, 2013, 18),
(270, '201.209.63.219', 56, '5507', '7691377866501.jpg', '', 1650, 1, 1650, 0, 2013, 18),
(271, '66.249.66.104', 105, '7739', '3951386330729.jpg', '', 2250, 1, 2250, 0, 2013, 19),
(272, '66.249.66.104', 124, '7709', '3011380100391.jpg', '', 2150, 1, 2150, 0, 2013, 0),
(273, '66.249.66.104', 136, '7743', '1681380107589.jpg', '', 2200, 1, 2200, 0, 2013, 3),
(274, '66.249.66.104', 176, '5509', '8211386337337.jpg', '', 1675, 1, 1675, 0, 2013, 5),
(275, '66.249.66.104', 147, '5517', '8931382619449.jpeg', '', 1800, 1, 1800, 0, 2013, 5),
(276, '66.249.73.232', 106, '7740', '8141386330704.jpg', '', 2500, 1, 2500, 0, 2013, 22),
(277, '66.249.73.232', 184, '5518', '8921386337082.jpg', '', 1750, 1, 1750, 0, 2013, 23),
(278, '66.249.73.232', 104, '7738', '2261386330752.jpg', '', 2570, 1, 2570, 0, 2013, 0),
(279, '66.249.73.232', 110, '7745', '9921386330475.jpg', '', 3200, 1, 3200, 0, 2013, 1),
(280, '66.249.73.232', 126, '7701', '2471386339380.jpg', '', 1540, 1, 1540, 0, 2013, 1),
(281, '66.249.76.232', 101, '7735', '5821386330817.jpg', '', 2200, 1, 2200, 0, 2013, 19),
(282, '66.249.76.232', 135, '7742', '3131380107503.jpg', '', 2400, 1, 2400, 0, 2013, 22),
(283, '66.249.76.232', 172, '5505', '8201386337628.jpg', '', 1600, 1, 1600, 0, 2013, 23),
(284, '66.249.76.232', 85, '7710', '2181386331528.jpg', '', 2500, 1, 2500, 0, 2013, 2),
(285, '66.249.76.232', 182, '5516', '2211386337141.jpg', '', 1650, 1, 1650, 0, 2013, 3),
(286, '157.55.32.59', 102, '7736', '3911386330797.jpg', '', 3500, 1, 3500, 0, 2013, 7),
(287, '157.55.32.59', 103, '7737', '6391386330772.jpg', '', 1900, 1, 1900, 0, 2013, 7),
(288, '157.55.32.59', 101, '7735', '5821386330817.jpg', '', 2200, 1, 2200, 0, 2013, 7),
(289, '157.56.229.186', 104, '7738', '2261386330752.jpg', '', 2570, 1, 2570, 0, 2013, 9),
(290, '66.249.76.232', 175, '5508', '5471386337401.jpg', '', 1575, 1, 1575, 0, 2013, 17),
(291, '66.249.73.232', 128, '7703', '6741380101691.jpg', '', 1540, 1, 1540, 0, 2013, 13),
(292, '157.55.33.15', 102, '7736', '3911386330797.jpg', '', 3500, 1, 3500, 0, 2014, 15),
(293, '157.55.33.15', 103, '7737', '6391386330772.jpg', '', 1900, 1, 1900, 0, 2014, 15),
(294, '157.55.33.15', 101, '7735', '5821386330817.jpg', '', 2200, 1, 2200, 0, 2014, 15),
(295, '157.55.35.94', 104, '7738', '2261386330752.jpg', '', 2570, 1, 2570, 0, 2014, 17),
(296, '66.249.73.232', 125, '7724', '6881386338930.jpg', '', 2570, 1, 2570, 0, 2014, 3),
(297, '66.249.73.232', 176, '5509', '8211386337337.jpg', '', 1675, 2, 3350, 0, 2014, 9),
(298, '66.249.73.232', 105, '7739', '3951386330729.jpg', '', 2250, 1, 2250, 0, 2014, 1),
(299, '66.249.73.232', 135, '7742', '3131380107503.jpg', '', 2400, 1, 2400, 0, 2014, 11),
(300, '66.249.64.13', 172, '5505', '8201386337628.jpg', '', 1600, 1, 1600, 0, 2014, 0),
(301, '66.249.74.37', 172, '5505', '8201386337628.jpg', '', 1600, 3, 4800, 0, 2014, 21),
(302, '66.249.76.168', 104, '7738', '2261386330752.jpg', '', 2570, 1, 2570, 0, 2014, 3),
(303, '66.249.74.37', 174, '5507', '7951386337522.jpg', '', 1650, 1, 1650, 0, 2014, 12),
(304, '66.249.74.37', 176, '5509', '8211386337337.jpg', '', 1675, 1, 1675, 0, 2014, 10),
(305, '66.249.74.37', 108, '7743', '7921386330530.jpg', '', 2200, 2, 4400, 0, 2014, 14),
(306, '66.249.74.37', 168, '5501', '4171386337845.jpg', '', 1675, 1, 1675, 0, 2014, 5),
(307, '66.249.74.37', 109, '7744', '4871386330501.jpg', '', 2800, 1, 2800, 0, 2014, 8),
(308, '66.249.74.37', 171, '5504', '3171386337667.jpg', '', 1650, 1, 1650, 0, 2014, 10),
(309, '66.249.74.37', 177, '5510', '6681386337306.jpg', '', 1650, 1, 1650, 0, 2014, 11),
(310, '66.249.74.37', 119, '7736', '4951380098948.jpg', '', 3500, 1, 3500, 0, 2014, 12),
(311, '66.249.74.37', 169, '5502', '2691386337783.jpg', '', 1550, 1, 1550, 0, 2014, 13),
(312, '66.249.74.37', 129, '7704', '1651380101868.jpg', '', 1575, 1, 1575, 0, 2014, 13),
(313, '66.249.74.37', 131, '7736', '9461380103935.jpg', '', 3500, 1, 3500, 0, 2014, 14),
(314, '66.249.74.37', 104, '7738', '2261386330752.jpg', '', 2570, 1, 2570, 0, 2014, 4),
(315, '66.249.74.37', 182, '5516', '2211386337141.jpg', '', 1650, 1, 1650, 0, 2014, 7),
(316, '66.249.74.37', 115, '7750', '1151386330300.jpg', '', 2000, 1, 2000, 0, 2014, 8),
(317, '66.249.74.37', 77, '7708', '5751386331699.jpg', '', 2095, 1, 2095, 0, 2014, 8),
(318, '66.249.74.37', 130, '7745', '5911386337988.jpg', '', 3200, 1, 3200, 0, 2014, 10),
(319, '66.249.74.37', 102, '7736', '3911386330797.jpg', '', 3500, 1, 3500, 0, 2014, 13),
(320, '66.249.74.37', 173, '5506', '5651386337590.jpg', '', 1650, 1, 1650, 0, 2014, 14),
(321, '66.249.74.52', 106, '7740', '8141386330704.jpg', '', 2500, 3, 7500, 0, 2014, 19),
(322, '66.249.74.52', 97, '7730', '4531386330937.jpg', '', 3000, 2, 6000, 0, 2014, 22),
(323, '66.249.74.52', 99, '7733', '9421386330861.jpg', '', 2400, 2, 4800, 0, 2014, 2),
(324, '66.249.74.52', 131, '7736', '9461380103935.jpg', '', 3500, 4, 14000, 0, 2014, 2),
(325, '66.249.74.52', 181, '5515', '6431386337169.jpg', '', 1450, 2, 2900, 0, 2014, 19),
(326, '66.249.74.52', 184, '5518', '8921386337082.jpg', '', 1750, 3, 5250, 0, 2014, 21),
(327, '66.249.74.52', 110, '7745', '9921386330475.jpg', '', 3200, 2, 6400, 0, 2014, 21),
(328, '66.249.74.52', 147, '5517', '8931382619449.jpeg', '', 1800, 1, 1800, 0, 2014, 21),
(329, '66.249.74.52', 126, '7701', '2471386339380.jpg', '', 1540, 4, 6160, 0, 2014, 22),
(330, '66.249.74.52', 170, '5503', '3211386337737.jpg', '', 1550, 2, 3100, 0, 2014, 2),
(331, '66.249.74.52', 175, '5508', '5471386337401.jpg', '', 1575, 5, 7875, 0, 2014, 4),
(332, '66.249.74.52', 101, '7735', '5821386330817.jpg', '', 2200, 2, 4400, 0, 2014, 5),
(333, '66.249.74.52', 60, '5514', '2651377862822.jpg', '', 1475, 2, 2950, 0, 2014, 6),
(334, '66.249.74.52', 85, '7710', '2181386331528.jpg', '', 2500, 2, 5000, 0, 2014, 7),
(335, '66.249.74.52', 174, '5507', '7951386337522.jpg', '', 1650, 4, 6600, 0, 2014, 8),
(336, '66.249.74.52', 122, '7726', '6501380099759.jpg', '', 2800, 3, 8400, 0, 2014, 14),
(337, '66.249.74.52', 79, '7721', '9911386331652.jpg', '', 2240, 2, 4480, 0, 2014, 17),
(338, '66.249.74.52', 176, '5509', '8211386337337.jpg', '', 1675, 1, 1675, 0, 2014, 5),
(339, '66.249.74.52', 109, '7744', '4871386330501.jpg', '', 2800, 2, 5600, 0, 2014, 15),
(340, '66.249.74.52', 177, '5510', '6681386337306.jpg', '', 1650, 2, 3300, 0, 2014, 1),
(341, '66.249.74.52', 169, '5502', '2691386337783.jpg', '', 1550, 3, 4650, 0, 2014, 2),
(342, '66.249.74.52', 179, '5513', '8841386337251.jpg', '', 1875, 2, 3750, 0, 2014, 4),
(343, '66.249.74.52', 108, '7743', '7921386330530.jpg', '', 2200, 2, 4400, 0, 2014, 16),
(344, '66.249.74.52', 124, '7709', '3011380100391.jpg', '', 2150, 2, 4300, 0, 2014, 17),
(345, '66.249.74.52', 168, '5501', '4171386337845.jpg', '', 1675, 2, 3350, 0, 2014, 13),
(346, '66.249.74.52', 135, '7742', '3131380107503.jpg', '', 2400, 2, 4800, 0, 2014, 3),
(347, '66.249.74.52', 104, '7738', '2261386330752.jpg', '', 2570, 1, 2570, 0, 2014, 20),
(348, '66.249.74.52', 77, '7708', '5751386331699.jpg', '', 2095, 1, 2095, 0, 2014, 21),
(349, '66.249.74.52', 130, '7745', '5911386337988.jpg', '', 3200, 1, 3200, 0, 2014, 22),
(350, '66.249.74.52', 182, '5516', '2211386337141.jpg', '', 1650, 1, 1650, 0, 2014, 22),
(351, '66.249.74.52', 119, '7736', '4951380098948.jpg', '', 3500, 1, 3500, 0, 2014, 17),
(352, '66.249.74.52', 171, '5504', '3171386337667.jpg', '', 1650, 1, 1650, 0, 2014, 20),
(353, '66.249.74.52', 115, '7750', '1151386330300.jpg', '', 2000, 1, 2000, 0, 2014, 21),
(354, '66.249.74.52', 129, '7704', '1651380101868.jpg', '', 1575, 1, 1575, 0, 2014, 21),
(355, '66.249.74.52', 123, '7708', '8801380100195.jpg', '', 2095, 1, 2095, 0, 2014, 7),
(356, '66.249.74.52', 100, '7734', '7731386330840.jpg', '', 2500, 2, 5000, 0, 2014, 3),
(357, '66.249.74.52', 159, '5513', '4061382619648.jpeg', '', 1875, 1, 1875, 0, 2014, 5),
(358, '66.249.74.52', 149, '7732', '3701386330023.jpg', '', 1590, 1, 1590, 0, 2014, 5),
(359, '66.249.74.52', 183, '5517', '3391386337107.jpg', '', 1800, 1, 1800, 0, 2014, 6),
(360, '66.249.74.52', 112, '7747', '1801386330425.jpg', '', 2000, 1, 2000, 0, 2014, 6),
(361, '66.249.74.52', 180, '5514', '2511386337224.jpg', '', 1475, 1, 1475, 0, 2014, 6),
(362, '66.249.74.52', 120, '7734', '1281386339048.jpg', '', 2500, 1, 2500, 0, 2014, 7),
(363, '66.249.74.52', 178, '5511', '1031386337279.jpg', '', 1850, 1, 1850, 0, 2014, 8),
(364, '66.249.74.52', 56, '5507', '7691377866501.jpg', '', 1650, 1, 1650, 0, 2014, 9),
(365, '66.249.74.52', 140, '5505', '7951382619713.jpeg', '', 1600, 1, 1600, 0, 2014, 11),
(366, '66.249.74.52', 136, '7743', '1681380107589.jpg', '', 2200, 1, 2200, 0, 2014, 12),
(367, '66.249.74.52', 173, '5506', '5651386337590.jpg', '', 1650, 2, 3300, 0, 2014, 7),
(368, '66.249.74.52', 69, '7703', '5271386331881.jpg', '', 1540, 1, 1540, 0, 2014, 9),
(369, '66.249.74.52', 105, '7739', '3951386330729.jpg', '', 2250, 1, 2250, 0, 2014, 11),
(370, '66.249.74.52', 102, '7736', '3911386330797.jpg', '', 3500, 1, 3500, 0, 2014, 12),
(371, '66.249.74.52', 82, '7728', '4251386331578.jpg', '', 2175, 1, 2175, 0, 2014, 6),
(372, '66.249.74.52', 88, '7715', '4161386331425.jpg', '', 2500, 1, 2500, 0, 2014, 10),
(373, '66.249.74.52', 96, '7729', '5431386330960.jpg', '', 1500, 1, 1500, 0, 2014, 11),
(374, '66.249.74.52', 92, '7723', '5861386331347.jpg', '', 2000, 1, 2000, 0, 2014, 12),
(375, '66.249.74.52', 94, '7726', '5641386331015.jpg', '', 2800, 1, 2800, 0, 2014, 20),
(376, '66.249.74.52', 148, '7705', '5331386330070.jpg', '', 1975, 1, 1975, 0, 2014, 1),
(377, '66.249.74.66', 55, '5501', '7981377851367.jpg', '', 1675, 1, 1675, 0, 2014, 5),
(378, '66.249.74.59', 76, '7713', '9471386331725.jpg', '', 1750, 1, 1750, 0, 2014, 8),
(379, '66.249.74.84', 98, '7731', '1051386330885.jpg', '', 3500, 1, 3500, 0, 2014, 9),
(380, '66.249.74.84', 107, '7742', '5731386330557.jpg', '', 2400, 1, 2400, 0, 2014, 10),
(381, '66.249.74.75', 127, '7721', '4071380101005.jpg', '', 2240, 1, 2240, 0, 2014, 11),
(382, '66.249.65.106', 70, '7704', '8521386331861.jpg', '', 1575, 1, 1575, 0, 2014, 21),
(383, '66.249.65.138', 114, '7749', '8791386330369.jpg', '', 2200, 1, 2200, 0, 2014, 22),
(384, '66.249.65.138', 89, '7716', '7631386331401.jpg', '', 2500, 1, 2500, 0, 2014, 0),
(385, '66.249.74.97', 113, '7748', '9681386330399.jpg', '', 1900, 1, 1900, 0, 2014, 3),
(386, '66.249.74.61', 78, '7709', '7731386331676.jpg', '', 2150, 1, 2150, 0, 2014, 5),
(387, '94.23.233.204', 55, '5501', '7981377851367.jpg', '', 1675, 7, 11725, 0, 2014, 6),
(388, '66.249.74.74', 66, '5508', '7881377870677.jpg', '', 1575, 1, 1575, 0, 2014, 7),
(389, '66.249.74.51', 58, '5503', '9491377863596.jpg', '', 1550, 1, 1550, 0, 2014, 8),
(390, '66.249.65.138', 103, '7737', '6391386330772.jpg', '', 1900, 1, 1900, 0, 2014, 17),
(391, '70.83.242.30', 55, '5501', '7981377851367.jpg', '', 1675, 1, 1675, 0, 2014, 17),
(392, '66.249.65.106', 75, '7706', '6081386331750.jpg', '', 2170, 1, 2170, 0, 2014, 4),
(393, '66.249.65.138', 175, '5508', '5471386337401.jpg', '', 1575, 1, 1575, 0, 2014, 23),
(394, '66.249.65.138', 73, '7702', '7821386331792.jpg', '', 2150, 1, 2150, 0, 2014, 8),
(395, '66.249.65.74', 74, '7705', '2391386331770.jpg', '', 1975, 1, 1975, 0, 2014, 13),
(396, '66.249.65.138', 72, '7701', '3051386339937.jpg', '', 1540, 1, 1540, 0, 2014, 15),
(397, '66.249.65.74', 71, '7724', '9191386331835.jpg', '', 2570, 1, 2570, 0, 2014, 17),
(398, '24.167.199.231', 55, '5501', '7981377851367.jpg', '', 1675, 1, 1675, 0, 2014, 21),
(399, '66.249.65.138', 95, '7727', '8841386330988.jpg', '', 1900, 1, 1900, 0, 2014, 2),
(400, '66.249.65.106', 91, '7717', '2501386331371.jpg', '', 2800, 1, 2800, 0, 2014, 22),
(401, '66.249.65.106', 55, '5501', '7981377851367.jpg', '', 1675, 1, 1675, 0, 2014, 5),
(402, '66.249.65.74', 59, '5513', '2981377862848.jpg', '', 1875, 1, 1875, 0, 2014, 5),
(403, '66.249.73.19', 103, '7737', '6391386330772.jpg', '', 1900, 1, 1900, 0, 2014, 14),
(404, '62.210.122.209', 55, '5501', '7981377851367.jpg', '', 1675, 1, 1675, 0, 2014, 8),
(405, '198.27.80.33', 56, '5507', '7691377866501.jpg', '', 1650, 1, 1650, 0, 2014, 6),
(406, '198.27.80.33', 55, '5501', '7981377851367.jpg', '', 1675, 1, 1675, 0, 2014, 7),
(407, '192.99.4.25', 56, '5507', '7691377866501.jpg', '', 1650, 1, 1650, 0, 2014, 15),
(408, '115.118.20.224', 55, '5501', '7981377851367.jpg', '', 1675, 1, 1675, 0, 2014, 11),
(409, '91.121.170.197', 56, '5507', '7691377866501.jpg', '', 1650, 3, 4950, 0, 2014, 21),
(410, '91.121.170.197', 55, '5501', '7981377851367.jpg', '', 1675, 3, 5025, 0, 2014, 23),
(411, '66.249.79.74', 98, '7731', '1051386330885.jpg', '', 3500, 2, 7000, 0, 2014, 4),
(412, '66.249.79.74', 70, '7704', '8521386331861.jpg', '', 1575, 2, 3150, 0, 2014, 4),
(413, '66.249.79.138', 89, '7716', '7631386331401.jpg', '', 2500, 3, 7500, 0, 2014, 4),
(414, '66.249.79.74', 89, '7716', '7631386331401.jpg', '', 2500, 1, 2500, 0, 2014, 5),
(415, '66.249.79.138', 76, '7713', '9471386331725.jpg', '', 1750, 1, 1750, 0, 2014, 6),
(416, '66.249.79.74', 127, '7721', '4071380101005.jpg', '', 2240, 2, 4480, 0, 2014, 6),
(417, '66.249.79.106', 114, '7749', '8791386330369.jpg', '', 2200, 1, 2200, 0, 2014, 6),
(418, '66.249.79.106', 78, '7709', '7731386331676.jpg', '', 2150, 2, 4300, 0, 2014, 6),
(419, '66.249.79.106', 58, '5503', '9491377863596.jpg', '', 1550, 1, 1550, 0, 2014, 6),
(420, '66.249.79.74', 113, '7748', '9681386330399.jpg', '', 1900, 2, 3800, 0, 2014, 6),
(421, '66.249.79.74', 107, '7742', '5731386330557.jpg', '', 2400, 2, 4800, 0, 2014, 14),
(422, '66.249.79.74', 59, '5513', '2981377862848.jpg', '', 1875, 1, 1875, 0, 2014, 11),
(423, '66.249.79.106', 55, '5501', '7981377851367.jpg', '', 1675, 1, 1675, 0, 2014, 4),
(424, '66.249.79.138', 66, '5508', '7881377870677.jpg', '', 1575, 1, 1575, 0, 2014, 9),
(425, '66.249.79.138', 75, '7706', '6081386331750.jpg', '', 2170, 2, 4340, 0, 2014, 10),
(426, '66.249.79.106', 71, '7724', '9191386331835.jpg', '', 2570, 2, 5140, 0, 2014, 13),
(427, '66.249.79.106', 89, '7716', '7631386331401.jpg', '', 2500, 1, 2500, 0, 2014, 13),
(428, '66.249.79.138', 95, '7727', '8841386330988.jpg', '', 1900, 1, 1900, 0, 2014, 6),
(429, '66.249.79.138', 103, '7737', '6391386330772.jpg', '', 1900, 1, 1900, 0, 2014, 21),
(430, '66.249.79.138', 128, '7703', '6741380101691.jpg', '', 1540, 1, 1540, 0, 2014, 9),
(431, '66.249.79.138', 84, '7707', '8731386331555.jpg', '', 2200, 1, 2200, 0, 2014, 7),
(432, '66.249.79.74', 172, '5505', '8201386337628.jpg', '', 1600, 1, 1600, 0, 2014, 20),
(433, '66.249.79.138', 147, '5517', '8931382619449.jpeg', '', 1800, 1, 1800, 0, 2014, 20),
(434, '66.249.79.138', 179, '5513', '8841386337251.jpg', '', 1875, 1, 1875, 0, 2014, 22),
(435, '66.249.79.138', 171, '5504', '3171386337667.jpg', '', 1650, 1, 1650, 0, 2014, 23),
(436, '66.249.79.138', 119, '7736', '4951380098948.jpg', '', 3500, 1, 3500, 0, 2014, 0),
(437, '66.249.79.106', 129, '7704', '1651380101868.jpg', '', 1575, 1, 1575, 0, 2014, 1),
(438, '66.249.79.74', 170, '5503', '3211386337737.jpg', '', 1550, 1, 1550, 0, 2014, 1),
(439, '66.249.79.106', 0, '', '', '', 0, 1, 0, 0, 2014, 1),
(440, '66.249.79.106', 101, '7735', '5821386330817.jpg', '', 2200, 1, 2200, 0, 2014, 2),
(441, '66.249.79.106', 182, '5516', '2211386337141.jpg', '', 1650, 1, 1650, 0, 2014, 3),
(442, '66.249.79.74', 168, '5501', '4171386337845.jpg', '', 1675, 1, 1675, 0, 2014, 3),
(443, '66.249.79.106', 115, '7750', '1151386330300.jpg', '', 2000, 1, 2000, 0, 2014, 3),
(444, '66.249.74.76', 76, '7713', '9471386331725.jpg', '', 1750, 1, 1750, 0, 2014, 4),
(445, '66.249.79.138', 80, '7711', '9751386331631.jpg', '', 2500, 2, 5000, 0, 2014, 4),
(446, '66.249.79.106', 87, '7714', '7241386331446.jpg', '', 2240, 2, 4480, 0, 2014, 4),
(447, '66.249.79.138', 81, '7732', '4191386331599.jpg', '', 1590, 2, 3180, 0, 2014, 4),
(448, '66.249.79.106', 93, '7725', '2621386331038.jpg', '', 2500, 2, 5000, 0, 2014, 4),
(449, '66.249.74.69', 86, '7712', '2801386331502.jpg', '', 2000, 1, 2000, 0, 2014, 5),
(450, '66.249.79.74', 77, '7708', '5751386331699.jpg', '', 2095, 1, 2095, 0, 2014, 5),
(451, '66.249.79.138', 130, '7745', '5911386337988.jpg', '', 3200, 1, 3200, 0, 2014, 5),
(452, '66.249.79.106', 104, '7738', '2261386330752.jpg', '', 2570, 1, 2570, 0, 2014, 5),
(453, '66.249.79.138', 125, '7724', '6881386338930.jpg', '', 2570, 1, 2570, 0, 2014, 5),
(454, '66.249.79.138', 58, '5503', '9491377863596.jpg', '', 1550, 1, 1550, 0, 2014, 6),
(455, '66.249.79.138', 140, '5505', '7951382619713.jpeg', '', 1600, 1, 1600, 0, 2014, 6),
(456, '66.249.79.138', 136, '7743', '1681380107589.jpg', '', 2200, 1, 2200, 0, 2014, 6),
(457, '66.249.79.138', 114, '7749', '8791386330369.jpg', '', 2200, 1, 2200, 0, 2014, 6),
(458, '66.249.79.106', 183, '5517', '3391386337107.jpg', '', 1800, 1, 1800, 0, 2014, 7),
(459, '66.249.79.138', 124, '7709', '3011380100391.jpg', '', 2150, 1, 2150, 0, 2014, 7),
(460, '66.249.74.58', 174, '5507', '7951386337522.jpg', '', 1650, 1, 1650, 0, 2014, 8),
(461, '66.249.79.138', 181, '5515', '6431386337169.jpg', '', 1450, 2, 2900, 0, 2014, 10),
(462, '66.249.79.106', 184, '5518', '8921386337082.jpg', '', 1750, 1, 1750, 0, 2014, 10),
(463, '66.249.79.74', 110, '7745', '9921386330475.jpg', '', 3200, 1, 3200, 0, 2014, 11),
(464, '66.249.79.138', 109, '7744', '4871386330501.jpg', '', 2800, 1, 2800, 0, 2014, 11),
(465, '66.249.79.74', 100, '7734', '7731386330840.jpg', '', 2500, 1, 2500, 0, 2014, 13),
(466, '66.249.79.106', 177, '5510', '6681386337306.jpg', '', 1650, 1, 1650, 0, 2014, 13),
(467, '66.249.74.106', 97, '7730', '4531386330937.jpg', '', 3000, 1, 3000, 0, 2014, 14),
(468, '66.249.79.106', 126, '7701', '2471386339380.jpg', '', 1540, 1, 1540, 0, 2014, 14),
(469, '66.249.79.106', 99, '7733', '9421386330861.jpg', '', 2400, 2, 4800, 0, 2014, 14),
(470, '66.249.79.106', 85, '7710', '2181386331528.jpg', '', 2500, 1, 2500, 0, 2014, 14),
(471, '66.249.79.106', 149, '7732', '3701386330023.jpg', '', 1590, 1, 1590, 0, 2014, 14),
(472, '66.249.79.74', 79, '7721', '9911386331652.jpg', '', 2240, 1, 2240, 0, 2014, 14),
(473, '66.249.79.138', 69, '7703', '5271386331881.jpg', '', 1540, 1, 1540, 0, 2014, 14),
(474, '66.249.79.106', 60, '5514', '2651377862822.jpg', '', 1475, 1, 1475, 0, 2014, 14),
(475, '66.249.79.106', 106, '7740', '8141386330704.jpg', '', 2500, 1, 2500, 0, 2014, 14),
(476, '66.249.79.106', 131, '7736', '9461380103935.jpg', '', 3500, 1, 3500, 0, 2014, 15),
(477, '66.249.79.138', 121, '7745', '2051380099379.jpg', '', 3200, 2, 6400, 0, 2014, 15),
(478, '66.249.79.138', 134, '7709', '5861380107258.jpg', '', 2150, 1, 2150, 0, 2014, 16),
(479, '66.249.79.138', 169, '5502', '2691386337783.jpg', '', 1550, 1, 1550, 0, 2014, 16),
(480, '66.249.79.74', 123, '7708', '8801380100195.jpg', '', 2095, 1, 2095, 0, 2014, 17),
(481, '66.249.79.106', 159, '5513', '4061382619648.jpeg', '', 1875, 1, 1875, 0, 2014, 17),
(482, '66.249.79.138', 112, '7747', '1801386330425.jpg', '', 2000, 1, 2000, 0, 2014, 17),
(483, '66.249.79.74', 122, '7726', '6501380099759.jpg', '', 2800, 1, 2800, 0, 2014, 17),
(484, '66.249.79.138', 173, '5506', '5651386337590.jpg', '', 1650, 1, 1650, 0, 2014, 17),
(485, '66.249.79.138', 175, '5508', '5471386337401.jpg', '', 1575, 2, 3150, 0, 2014, 17),
(486, '66.249.79.74', 180, '5514', '2511386337224.jpg', '', 1475, 1, 1475, 0, 2014, 18),
(487, '66.249.79.138', 180, '5514', '2511386337224.jpg', '', 1475, 1, 1475, 0, 2014, 18),
(488, '66.249.79.74', 135, '7742', '3131380107503.jpg', '', 2400, 1, 2400, 0, 2014, 19),
(489, '66.249.79.74', 120, '7734', '1281386339048.jpg', '', 2500, 1, 2500, 0, 2014, 19),
(490, '66.249.79.74', 178, '5511', '1031386337279.jpg', '', 1850, 1, 1850, 0, 2014, 19),
(491, '66.249.79.106', 102, '7736', '3911386330797.jpg', '', 3500, 2, 7000, 0, 2014, 20),
(492, '66.249.79.138', 105, '7739', '3951386330729.jpg', '', 2250, 1, 2250, 0, 2014, 20),
(493, '66.249.79.138', 56, '5507', '7691377866501.jpg', '', 1650, 1, 1650, 0, 2014, 20),
(494, '66.249.79.106', 148, '7705', '5331386330070.jpg', '', 1975, 2, 3950, 0, 2014, 20),
(495, '66.249.79.74', 82, '7728', '4251386331578.jpg', '', 2175, 1, 2175, 0, 2014, 20),
(496, '66.249.79.106', 92, '7723', '5861386331347.jpg', '', 2000, 1, 2000, 0, 2014, 20),
(497, '66.249.79.106', 94, '7726', '5641386331015.jpg', '', 2800, 1, 2800, 0, 2014, 20),
(498, '66.249.79.74', 96, '7729', '5431386330960.jpg', '', 1500, 1, 1500, 0, 2014, 21),
(499, '66.249.79.138', 73, '7702', '7821386331792.jpg', '', 2150, 1, 2150, 0, 2014, 21),
(500, '66.249.79.106', 74, '7705', '2391386331770.jpg', '', 1975, 1, 1975, 0, 2014, 21),
(501, '66.249.79.74', 72, '7701', '3051386339937.jpg', '', 1540, 2, 3080, 0, 2014, 21),
(502, '66.249.79.74', 91, '7717', '2501386331371.jpg', '', 2800, 1, 2800, 0, 2014, 22),
(503, '66.249.79.106', 147, '5517', '8931382619449.jpeg', '', 1800, 2, 3600, 0, 2014, 22),
(504, '180.179.175.14', 56, '5507', '7691377866501.jpg', '', 1650, 1, 1650, 0, 2014, 23),
(505, '180.179.175.14', 59, '5513', '2981377862848.jpg', '', 1875, 1, 1875, 0, 2014, 23),
(506, '180.179.175.14', 60, '5514', '2651377862822.jpg', '', 1475, 1, 1475, 0, 2014, 23),
(507, '180.179.175.14', 119, '7736', '4951380098948.jpg', '', 3500, 1, 3500, 0, 2014, 23),
(508, '180.179.175.14', 121, '7745', '2051380099379.jpg', '', 3200, 1, 3200, 0, 2014, 23),
(509, '180.179.175.14', 129, '7704', '1651380101868.jpg', '', 1575, 1, 1575, 0, 2014, 23),
(510, '180.179.175.14', 55, '5501', '7981377851367.jpg', '', 1675, 1, 1675, 0, 2014, 23),
(511, '180.179.175.14', 58, '5503', '9491377863596.jpg', '', 1550, 1, 1550, 0, 2014, 23),
(512, '180.179.175.14', 66, '5508', '7881377870677.jpg', '', 1575, 1, 1575, 0, 2014, 23),
(513, '180.179.175.14', 69, '7703', '5271386331881.jpg', '', 1540, 1, 1540, 0, 2014, 23),
(514, '180.179.175.14', 70, '7704', '8521386331861.jpg', '', 1575, 1, 1575, 0, 2014, 23),
(515, '180.179.175.14', 71, '7724', '9191386331835.jpg', '', 2570, 1, 2570, 0, 2014, 23),
(516, '180.179.175.14', 72, '7701', '3051386339937.jpg', '', 1540, 1, 1540, 0, 2014, 23),
(517, '180.179.175.14', 73, '7702', '7821386331792.jpg', '', 2150, 1, 2150, 0, 2014, 23),
(518, '180.179.175.14', 74, '7705', '2391386331770.jpg', '', 1975, 1, 1975, 0, 2014, 23),
(519, '180.179.175.14', 75, '7706', '6081386331750.jpg', '', 2170, 1, 2170, 0, 2014, 23),
(520, '180.179.175.14', 76, '7713', '9471386331725.jpg', '', 1750, 1, 1750, 0, 2014, 23),
(521, '180.179.175.14', 77, '7708', '5751386331699.jpg', '', 2095, 1, 2095, 0, 2014, 23),
(522, '180.179.175.14', 78, '7709', '7731386331676.jpg', '', 2150, 1, 2150, 0, 2014, 23),
(523, '180.179.175.14', 79, '7721', '9911386331652.jpg', '', 2240, 1, 2240, 0, 2014, 23),
(524, '180.179.175.14', 80, '7711', '9751386331631.jpg', '', 2500, 1, 2500, 0, 2014, 23),
(525, '180.179.175.14', 81, '7732', '4191386331599.jpg', '', 1590, 1, 1590, 0, 2014, 23),
(526, '180.179.175.14', 82, '7728', '4251386331578.jpg', '', 2175, 1, 2175, 0, 2014, 23),
(527, '180.179.175.14', 84, '7707', '8731386331555.jpg', '', 2200, 1, 2200, 0, 2014, 23),
(528, '180.179.175.14', 85, '7710', '2181386331528.jpg', '', 2500, 1, 2500, 0, 2014, 23),
(529, '180.179.175.14', 86, '7712', '2801386331502.jpg', '', 2000, 1, 2000, 0, 2014, 23),
(530, '180.179.175.14', 87, '7714', '7241386331446.jpg', '', 2240, 1, 2240, 0, 2014, 23),
(531, '180.179.175.14', 88, '7715', '4161386331425.jpg', '', 2500, 1, 2500, 0, 2014, 23),
(532, '180.179.175.14', 89, '7716', '7631386331401.jpg', '', 2500, 1, 2500, 0, 2014, 23),
(533, '180.179.175.14', 91, '7717', '2501386331371.jpg', '', 2800, 1, 2800, 0, 2014, 23),
(534, '180.179.175.14', 92, '7723', '5861386331347.jpg', '', 2000, 1, 2000, 0, 2014, 23),
(535, '180.179.175.14', 93, '7725', '2621386331038.jpg', '', 2500, 1, 2500, 0, 2014, 23),
(536, '180.179.175.14', 94, '7726', '5641386331015.jpg', '', 2800, 1, 2800, 0, 2014, 23),
(537, '180.179.175.14', 95, '7727', '8841386330988.jpg', '', 1900, 1, 1900, 0, 2014, 23),
(538, '180.179.175.14', 96, '7729', '5431386330960.jpg', '', 1500, 1, 1500, 0, 2014, 23),
(539, '180.179.175.14', 97, '7730', '4531386330937.jpg', '', 3000, 1, 3000, 0, 2014, 23),
(540, '180.179.175.14', 98, '7731', '1051386330885.jpg', '', 3500, 1, 3500, 0, 2014, 23),
(541, '180.179.175.14', 99, '7733', '9421386330861.jpg', '', 2400, 1, 2400, 0, 2014, 23),
(542, '180.179.175.14', 100, '7734', '7731386330840.jpg', '', 2500, 1, 2500, 0, 2014, 23),
(543, '180.179.175.14', 101, '7735', '5821386330817.jpg', '', 2200, 1, 2200, 0, 2014, 23),
(544, '180.179.175.14', 102, '7736', '3911386330797.jpg', '', 3500, 1, 3500, 0, 2014, 23),
(545, '180.179.175.14', 103, '7737', '6391386330772.jpg', '', 1900, 1, 1900, 0, 2014, 23),
(546, '180.179.175.14', 104, '7738', '2261386330752.jpg', '', 2570, 1, 2570, 0, 2014, 23),
(547, '180.179.175.14', 105, '7739', '3951386330729.jpg', '', 2250, 1, 2250, 0, 2014, 23),
(548, '180.179.175.14', 106, '7740', '8141386330704.jpg', '', 2500, 1, 2500, 0, 2014, 23),
(549, '180.179.175.14', 107, '7742', '5731386330557.jpg', '', 2400, 1, 2400, 0, 2014, 23),
(550, '180.179.175.14', 108, '7743', '7921386330530.jpg', '', 2200, 1, 2200, 0, 2014, 23),
(551, '180.179.175.14', 109, '7744', '4871386330501.jpg', '', 2800, 1, 2800, 0, 2014, 23),
(552, '180.179.175.14', 110, '7745', '9921386330475.jpg', '', 3200, 1, 3200, 0, 2014, 23),
(553, '180.179.175.14', 112, '7747', '1801386330425.jpg', '', 2000, 1, 2000, 0, 2014, 23),
(554, '180.179.175.14', 113, '7748', '9681386330399.jpg', '', 1900, 1, 1900, 0, 2014, 23),
(555, '180.179.175.14', 114, '7749', '8791386330369.jpg', '', 2200, 1, 2200, 0, 2014, 23),
(556, '180.179.175.14', 115, '7750', '1151386330300.jpg', '', 2000, 1, 2000, 0, 2014, 23),
(557, '180.179.175.14', 120, '7734', '1281386339048.jpg', '', 2500, 1, 2500, 0, 2014, 23),
(558, '180.179.175.14', 122, '7726', '6501380099759.jpg', '', 2800, 1, 2800, 0, 2014, 23),
(559, '180.179.175.14', 123, '7708', '8801380100195.jpg', '', 2095, 1, 2095, 0, 2014, 23),
(560, '180.179.175.14', 124, '7709', '3011380100391.jpg', '', 2150, 1, 2150, 0, 2014, 23),
(561, '180.179.175.14', 125, '7724', '6881386338930.jpg', '', 2570, 1, 2570, 0, 2014, 23),
(562, '180.179.175.14', 126, '7701', '2471386339380.jpg', '', 1540, 1, 1540, 0, 2014, 23),
(563, '180.179.175.14', 127, '7721', '4071380101005.jpg', '', 2240, 1, 2240, 0, 2014, 23),
(564, '180.179.175.14', 130, '7745', '5911386337988.jpg', '', 3200, 1, 3200, 0, 2014, 23),
(565, '180.179.175.14', 131, '7736', '9461380103935.jpg', '', 3500, 1, 3500, 0, 2014, 23),
(566, '180.179.175.14', 134, '7709', '5861380107258.jpg', '', 2150, 1, 2150, 0, 2014, 23),
(567, '180.179.175.14', 135, '7742', '3131380107503.jpg', '', 2400, 1, 2400, 0, 2014, 23),
(568, '180.179.175.14', 136, '7743', '1681380107589.jpg', '', 2200, 1, 2200, 0, 2014, 23),
(569, '180.179.175.14', 140, '5505', '7951382619713.jpeg', '', 1600, 1, 1600, 0, 2014, 23),
(570, '180.179.175.14', 147, '5517', '8931382619449.jpeg', '', 1800, 1, 1800, 0, 2014, 23),
(571, '180.179.175.14', 148, '7705', '5331386330070.jpg', '', 1975, 1, 1975, 0, 2014, 23),
(572, '180.179.175.14', 149, '7732', '3701386330023.jpg', '', 1590, 1, 1590, 0, 2014, 23),
(573, '180.179.175.14', 159, '5513', '4061382619648.jpeg', '', 1875, 1, 1875, 0, 2014, 23),
(574, '180.179.175.14', 168, '5501', '4171386337845.jpg', '', 1675, 1, 1675, 0, 2014, 23),
(575, '180.179.175.14', 169, '5502', '2691386337783.jpg', '', 1550, 1, 1550, 0, 2014, 23),
(576, '180.179.175.14', 170, '5503', '3211386337737.jpg', '', 1550, 1, 1550, 0, 2014, 23),
(577, '180.179.175.14', 171, '5504', '3171386337667.jpg', '', 1650, 1, 1650, 0, 2014, 23),
(578, '180.179.175.14', 172, '5505', '8201386337628.jpg', '', 1600, 1, 1600, 0, 2014, 23),
(579, '180.179.175.14', 173, '5506', '5651386337590.jpg', '', 1650, 1, 1650, 0, 2014, 23),
(580, '180.179.175.14', 174, '5507', '7951386337522.jpg', '', 1650, 1, 1650, 0, 2014, 23),
(581, '180.179.175.14', 175, '5508', '5471386337401.jpg', '', 1575, 1, 1575, 0, 2014, 23),
(582, '180.179.175.14', 176, '5509', '8211386337337.jpg', '', 1675, 1, 1675, 0, 2014, 23),
(583, '180.179.175.14', 177, '5510', '6681386337306.jpg', '', 1650, 1, 1650, 0, 2014, 23),
(584, '180.179.175.14', 178, '5511', '1031386337279.jpg', '', 1850, 1, 1850, 0, 2014, 23),
(585, '180.179.175.14', 179, '5513', '8841386337251.jpg', '', 1875, 1, 1875, 0, 2014, 23),
(586, '180.179.175.14', 180, '5514', '2511386337224.jpg', '', 1475, 1, 1475, 0, 2014, 23),
(587, '180.179.175.14', 181, '5515', '6431386337169.jpg', '', 1450, 1, 1450, 0, 2014, 23),
(588, '180.179.175.14', 182, '5516', '2211386337141.jpg', '', 1650, 1, 1650, 0, 2014, 23),
(589, '180.179.175.14', 183, '5517', '3391386337107.jpg', '', 1800, 1, 1800, 0, 2014, 23),
(590, '180.179.175.14', 184, '5518', '8921386337082.jpg', '', 1750, 1, 1750, 0, 2014, 23),
(591, '66.249.73.233', 172, '5505', '8201386337628.jpg', '', 1600, 1, 1600, 0, 2014, 0),
(592, '66.249.79.74', 109, '7744', '4871386330501.jpg', '', 2800, 1, 2800, 0, 2014, 21),
(593, '66.249.79.138', 178, '5511', '1031386337279.jpg', '', 1850, 1, 1850, 0, 2014, 22),
(594, '66.249.79.106', 91, '7717', '2501386331371.jpg', '', 2800, 1, 2800, 0, 2014, 0),
(595, '66.249.79.138', 60, '5514', '2651377862822.jpg', '', 1475, 1, 1475, 0, 2014, 1),
(596, '66.249.79.106', 112, '7747', '1801386330425.jpg', '', 2000, 1, 2000, 0, 2014, 3),
(597, '66.249.79.74', 106, '7740', '8141386330704.jpg', '', 2500, 1, 2500, 0, 2014, 5),
(598, '66.249.79.74', 125, '7724', '6881386338930.jpg', '', 2570, 1, 2570, 0, 2014, 6),
(599, '66.249.79.106', 173, '5506', '5651386337590.jpg', '', 1650, 1, 1650, 0, 2014, 7),
(600, '66.249.79.74', 169, '5502', '2691386337783.jpg', '', 1550, 1, 1550, 0, 2014, 9),
(601, '66.249.79.106', 123, '7708', '8801380100195.jpg', '', 2095, 1, 2095, 0, 2014, 10),
(602, '66.249.79.138', 74, '7705', '2391386331770.jpg', '', 1975, 1, 1975, 0, 2014, 12),
(603, '66.249.79.106', 59, '5513', '2981377862848.jpg', '', 1875, 1, 1875, 0, 2014, 19),
(604, '66.249.79.106', 84, '7707', '8731386331555.jpg', '', 2200, 1, 2200, 0, 2014, 20),
(605, '66.249.79.106', 86, '7712', '2801386331502.jpg', '', 2000, 1, 2000, 0, 2014, 20),
(606, '66.249.79.74', 159, '5513', '4061382619648.jpeg', '', 1875, 1, 1875, 0, 2014, 1),
(607, '66.249.79.138', 122, '7726', '6501380099759.jpg', '', 2800, 1, 2800, 0, 2014, 2),
(608, '66.249.79.74', 85, '7710', '2181386331528.jpg', '', 2500, 1, 2500, 0, 2014, 3),
(609, '4', 56, '5507', '7691377866501.jpg', '', 1650, 1, 1650, 0, 2014, 7),
(610, '4', 184, '5518', '8921386337082.jpg', '', 1750, 1, 1750, 0, 2014, 4),
(620, '8', 236, 'Ladies Belt', '9481403643644.jpg', '', 352, 1, 352, 0, 2014, 4),
(614, '8', 201, 'Gents Bag', '8951403637610.jpg', '', 1559, 1, 1559, 0, 2014, 21),
(621, '127.0.0.1', 193, 'Ladies Bag', '2771403637045.jpg', '', 1559, 1, 1559, 0, 2014, 17),
(615, '8', 186, 'Ladies Sunglass', '3721403635148.jpg', '', 999, 1, 999, 0, 2014, 21),
(616, '8', 215, 'Gents cap', '4931403640357.jpg', '', 255, 1, 255, 0, 2014, 21),
(617, '8', 224, 'Gents Watch', '7231403642032.jpg', '', 3051, 1, 3051, 0, 2014, 21),
(618, '8', 231, 'Gents Belt', '3031403643323.jpg', '', 212, 1, 212, 0, 2014, 21),
(619, '8', 191, 'Ladies Sunglass', '9771403635741.jpg', '', 875, 1, 875, 0, 2014, 11),
(622, '127.0.0.1', 186, 'Ladies Sunglass', '3721403635148.jpg', '', 999, 1, 999, 0, 2014, 17),
(623, '127.0.0.1', 204, 'Gents Boot', '7891403638750.jpg', '', 1565, 1, 1565, 0, 2014, 17),
(624, '127.0.0.1', 212, 'Gents cap', '4251403640237.jpg', '', 255, 1, 255, 0, 2014, 17),
(625, '127.0.0.1', 224, 'Gents Watch', '7231403642032.jpg', '', 3051, 1, 3051, 0, 2014, 17),
(626, '127.0.0.1', 231, 'Gents Belt', '3031403643323.jpg', '', 212, 1, 212, 0, 2014, 17);

-- --------------------------------------------------------

--
-- Table structure for table `tbl_registration`
--

CREATE TABLE IF NOT EXISTS `tbl_registration` (
  `id` int(11) NOT NULL AUTO_INCREMENT,
  `fname` varchar(100) NOT NULL,
  `lname` varchar(100) NOT NULL,
  `email` varchar(200) NOT NULL,
  `password` varchar(100) NOT NULL,
  `mobile` varchar(10) NOT NULL,
  `phone` varchar(11) NOT NULL,
  `baddress` text NOT NULL,
  `bcity` varchar(50) NOT NULL,
  `bcountry` varchar(150) NOT NULL,
  `bpin` varchar(6) NOT NULL,
  `saddress` text NOT NULL,
  `scity` varchar(50) NOT NULL,
  `scountry` varchar(150) NOT NULL,
  `spin` varchar(6) NOT NULL,
  `del_status` int(11) NOT NULL,
  `date` date NOT NULL,
  `time` time NOT NULL,
  PRIMARY KEY (`id`)
) ENGINE=MyISAM  DEFAULT CHARSET=latin1 AUTO_INCREMENT=9 ;

--
-- Dumping data for table `tbl_registration`
--

INSERT INTO `tbl_registration` (`id`, `fname`, `lname`, `email`, `password`, `mobile`, `phone`, `baddress`, `bcity`, `bcountry`, `bpin`, `saddress`, `scity`, `scountry`, `spin`, `del_status`, `date`, `time`) VALUES
(8, 'Susobhan', 'Bera', 'ultimatesusobhan@gmail.com', '12345', '8348620706', '8348620706', 'Vill- Begunaberia\r\nP.o- Golapchak\r\nP.s- Sutahata', 'Haldia', 'India', '721658', 'Vill- Begunaberia\r\nP.o- Golapchak\r\nP.s- Sutahata', 'Haldia', 'India', '721658', 0, '2014-06-29', '04:39:52');

-- --------------------------------------------------------

--
-- Table structure for table `user`
--

CREATE TABLE IF NOT EXISTS `user` (
  `user_id` int(11) NOT NULL AUTO_INCREMENT,
  `username` varchar(255) NOT NULL,
  `password` varchar(255) NOT NULL,
  `email` varchar(255) NOT NULL,
  `status` enum('1','0') NOT NULL,
  PRIMARY KEY (`user_id`)
) ENGINE=MyISAM  DEFAULT CHARSET=latin1 AUTO_INCREMENT=15 ;

--
-- Dumping data for table `user`
--

INSERT INTO `user` (`user_id`, `username`, `password`, `email`, `status`) VALUES
(6, 'sourav', 'sourav', 's@gmail.com', '1'),
(7, 'kolay', 'kolay', 'k@gmail.com', '1'),
(8, 'amit', 'amit', 'a@gmail.com', '1'),
(9, 'rani', 'rani', 'rani@gmail.com', '1'),
(10, 'rabin', 'rabin', 'r@gmail.com', '1'),
(14, 'shashi123', '12345', 'shashi.47singh@gmail.com', '0');

-- --------------------------------------------------------

--
-- Table structure for table `users`
--

CREATE TABLE IF NOT EXISTS `users` (
  `id` int(11) NOT NULL AUTO_INCREMENT,
  `uname` varchar(100) NOT NULL,
  `pass` varchar(100) NOT NULL,
  `role_id` int(10) NOT NULL,
  `ind_id` int(10) NOT NULL,
  `type` varchar(100) NOT NULL,
  `inactive` int(11) NOT NULL,
  `fname` varchar(225) NOT NULL,
  `lname` varchar(225) NOT NULL,
  `date_time` datetime NOT NULL,
  `email` varchar(225) NOT NULL,
  `paypal` varchar(255) NOT NULL,
  PRIMARY KEY (`id`)
) ENGINE=MyISAM  DEFAULT CHARSET=latin1 AUTO_INCREMENT=2 ;

--
-- Dumping data for table `users`
--

INSERT INTO `users` (`id`, `uname`, `pass`, `role_id`, `ind_id`, `type`, `inactive`, `fname`, `lname`, `date_time`, `email`, `paypal`) VALUES
(1, 'admin', '21232f297a57a5a743894a0e4a801fc3', 1, 0, '', 0, '', ' ', '2011-11-18 14:06:45', 'admin@gmail.com', 'abhijitchty-facilitator@gmail.com');
